{
  "fio version" : "fio-3.32",
  "timestamp" : 1669734472,
  "timestamp_ms" : 1669734472136,
  "time" : "Tue Nov 29 16:07:52 2022",
  "jobs" : [
    {
      "jobname" : "qd1024",
      "groupid" : 0,
      "error" : 0,
      "eta" : 0,
      "elapsed" : 41,
      "job options" : {
        "name" : "qd1024",
        "filename" : "trtype=PCIe traddr=0000.87.00.0 ns=1",
        "size" : "40G",
        "ioengine" : "spdk",
        "iodepth" : "1024",
        "rw" : "write",
        "bs" : "4k",
        "direct" : "1",
        "time_based" : "1",
        "runtime" : "30s",
        "ramp_time" : "10s",
        "group_reporting" : "1",
        "thread" : "1",
        "ioscheduler" : "mq-deadline"
      },
      "read" : {
        "io_bytes" : 0,
        "io_kbytes" : 0,
        "bw_bytes" : 0,
        "bw" : 0,
        "iops" : 0.000000,
        "runtime" : 0,
        "total_ios" : 0,
        "short_ios" : 0,
        "drop_ios" : 0,
        "slat_ns" : {
          "min" : 0,
          "max" : 0,
          "mean" : 0.000000,
          "stddev" : 0.000000,
          "N" : 0
        },
        "clat_ns" : {
          "min" : 0,
          "max" : 0,
          "mean" : 0.000000,
          "stddev" : 0.000000,
          "N" : 0
        },
        "lat_ns" : {
          "min" : 0,
          "max" : 0,
          "mean" : 0.000000,
          "stddev" : 0.000000,
          "N" : 0
        },
        "bw_min" : 0,
        "bw_max" : 0,
        "bw_agg" : 0.000000,
        "bw_mean" : 0.000000,
        "bw_dev" : 0.000000,
        "bw_samples" : 0,
        "iops_min" : 0,
        "iops_max" : 0,
        "iops_mean" : 0.000000,
        "iops_stddev" : 0.000000,
        "iops_samples" : 0
      },
      "write" : {
        "io_bytes" : 36479180800,
        "io_kbytes" : 35624200,
        "bw_bytes" : 1215891633,
        "bw" : 1187394,
        "iops" : 296831.511233,
        "runtime" : 30002,
        "total_ios" : 8905539,
        "short_ios" : 0,
        "drop_ios" : 0,
        "slat_ns" : {
          "min" : 88,
          "max" : 16372,
          "mean" : 102.454470,
          "stddev" : 43.953399,
          "N" : 8905539
        },
        "clat_ns" : {
          "min" : 841356,
          "max" : 6551152,
          "mean" : 1724562.070451,
          "stddev" : 475851.231001,
          "N" : 8906050,
          "percentile" : {
            "1.000000" : 962560,
            "5.000000" : 1056768,
            "10.000000" : 1155072,
            "20.000000" : 1302528,
            "30.000000" : 1449984,
            "40.000000" : 1581056,
            "50.000000" : 1712128,
            "60.000000" : 1843200,
            "70.000000" : 1974272,
            "80.000000" : 2088960,
            "90.000000" : 2211840,
            "95.000000" : 2310144,
            "99.000000" : 3620864,
            "99.500000" : 4227072,
            "99.900000" : 4685824,
            "99.950000" : 4816896,
            "99.990000" : 5537792
          }
        },
        "lat_ns" : {
          "min" : 841463,
          "max" : 6551247,
          "mean" : 1724664.524780,
          "stddev" : 475851.176451,
          "N" : 8906050
        },
        "bw_min" : 1162272,
        "bw_max" : 1228352,
        "bw_agg" : 100.000000,
        "bw_mean" : 1187720.000000,
        "bw_dev" : 12687.206311,
        "bw_samples" : 60,
        "iops_min" : 290568,
        "iops_max" : 307088,
        "iops_mean" : 296930.083333,
        "iops_stddev" : 3171.917381,
        "iops_samples" : 60
      },
      "trim" : {
        "io_bytes" : 0,
        "io_kbytes" : 0,
        "bw_bytes" : 0,
        "bw" : 0,
        "iops" : 0.000000,
        "runtime" : 0,
        "total_ios" : 0,
        "short_ios" : 0,
        "drop_ios" : 0,
        "slat_ns" : {
          "min" : 0,
          "max" : 0,
          "mean" : 0.000000,
          "stddev" : 0.000000,
          "N" : 0
        },
        "clat_ns" : {
          "min" : 0,
          "max" : 0,
          "mean" : 0.000000,
          "stddev" : 0.000000,
          "N" : 0
        },
        "lat_ns" : {
          "min" : 0,
          "max" : 0,
          "mean" : 0.000000,
          "stddev" : 0.000000,
          "N" : 0
        },
        "bw_min" : 0,
        "bw_max" : 0,
        "bw_agg" : 0.000000,
        "bw_mean" : 0.000000,
        "bw_dev" : 0.000000,
        "bw_samples" : 0,
        "iops_min" : 0,
        "iops_max" : 0,
        "iops_mean" : 0.000000,
        "iops_stddev" : 0.000000,
        "iops_samples" : 0
      },
      "sync" : {
        "total_ios" : 0,
        "lat_ns" : {
          "min" : 0,
          "max" : 0,
          "mean" : 0.000000,
          "stddev" : 0.000000,
          "N" : 0
        }
      },
      "job_runtime" : 30001,
      "usr_cpu" : 99.993334,
      "sys_cpu" : 0.000000,
      "ctx" : 63,
      "majf" : 0,
      "minf" : 452,
      "iodepth_level" : {
        "1" : 0.000000,
        "2" : 0.000000,
        "4" : 0.000000,
        "8" : 0.000000,
        "16" : 0.000000,
        "32" : 0.000000,
        ">=64" : 100.000000
      },
      "iodepth_submit" : {
        "0" : 0.000000,
        "4" : 100.000000,
        "8" : 0.000000,
        "16" : 0.000000,
        "32" : 0.000000,
        "64" : 0.000000,
        ">=64" : 0.000000
      },
      "iodepth_complete" : {
        "0" : 0.000000,
        "4" : 99.999996,
        "8" : 0.000000,
        "16" : 0.000000,
        "32" : 0.000000,
        "64" : 0.000000,
        ">=64" : 0.100000
      },
      "latency_ns" : {
        "2" : 0.000000,
        "4" : 0.000000,
        "10" : 0.000000,
        "20" : 0.000000,
        "50" : 0.000000,
        "100" : 0.000000,
        "250" : 0.000000,
        "500" : 0.000000,
        "750" : 0.000000,
        "1000" : 0.000000
      },
      "latency_us" : {
        "2" : 0.000000,
        "4" : 0.000000,
        "10" : 0.000000,
        "20" : 0.000000,
        "50" : 0.000000,
        "100" : 0.000000,
        "250" : 0.000000,
        "500" : 0.000000,
        "750" : 0.000000,
        "1000" : 2.246119
      },
      "latency_ms" : {
        "2" : 69.910356,
        "4" : 27.136291,
        "10" : 0.712972,
        "20" : 0.000000,
        "50" : 0.000000,
        "100" : 0.000000,
        "250" : 0.000000,
        "500" : 0.000000,
        "750" : 0.000000,
        "1000" : 0.000000,
        "2000" : 0.000000,
        ">=2000" : 0.000000
      },
      "latency_depth" : 1024,
      "latency_target" : 0,
      "latency_percentile" : 100.000000,
      "latency_window" : 0
    }
  ]
}
