{
  "fio version" : "fio-3.32",
  "timestamp" : 1669734350,
  "timestamp_ms" : 1669734350020,
  "time" : "Tue Nov 29 16:05:50 2022",
  "jobs" : [
    {
      "jobname" : "qd128",
      "groupid" : 0,
      "error" : 0,
      "eta" : 0,
      "elapsed" : 41,
      "job options" : {
        "name" : "qd128",
        "filename" : "trtype=PCIe traddr=0000.87.00.0 ns=1",
        "size" : "40G",
        "ioengine" : "spdk",
        "iodepth" : "128",
        "rw" : "write",
        "bs" : "4k",
        "direct" : "1",
        "time_based" : "1",
        "runtime" : "30s",
        "ramp_time" : "10s",
        "group_reporting" : "1",
        "thread" : "1",
        "ioscheduler" : "mq-deadline"
      },
      "read" : {
        "io_bytes" : 0,
        "io_kbytes" : 0,
        "bw_bytes" : 0,
        "bw" : 0,
        "iops" : 0.000000,
        "runtime" : 0,
        "total_ios" : 0,
        "short_ios" : 0,
        "drop_ios" : 0,
        "slat_ns" : {
          "min" : 0,
          "max" : 0,
          "mean" : 0.000000,
          "stddev" : 0.000000,
          "N" : 0
        },
        "clat_ns" : {
          "min" : 0,
          "max" : 0,
          "mean" : 0.000000,
          "stddev" : 0.000000,
          "N" : 0
        },
        "lat_ns" : {
          "min" : 0,
          "max" : 0,
          "mean" : 0.000000,
          "stddev" : 0.000000,
          "N" : 0
        },
        "bw_min" : 0,
        "bw_max" : 0,
        "bw_agg" : 0.000000,
        "bw_mean" : 0.000000,
        "bw_dev" : 0.000000,
        "bw_samples" : 0,
        "iops_min" : 0,
        "iops_max" : 0,
        "iops_mean" : 0.000000,
        "iops_stddev" : 0.000000,
        "iops_samples" : 0
      },
      "write" : {
        "io_bytes" : 37780504576,
        "io_kbytes" : 36895024,
        "bw_bytes" : 1259308175,
        "bw" : 1229793,
        "iops" : 307444.051865,
        "runtime" : 30001,
        "total_ios" : 9223629,
        "short_ios" : 0,
        "drop_ios" : 0,
        "slat_ns" : {
          "min" : 127,
          "max" : 16614,
          "mean" : 159.175369,
          "stddev" : 43.522946,
          "N" : 9223629
        },
        "clat_ns" : {
          "min" : 12052,
          "max" : 4810715,
          "mean" : 415856.757398,
          "stddev" : 277934.578061,
          "N" : 9223756,
          "percentile" : {
            "1.000000" : 75264,
            "5.000000" : 92672,
            "10.000000" : 112128,
            "20.000000" : 154624,
            "30.000000" : 218112,
            "40.000000" : 301056,
            "50.000000" : 395264,
            "60.000000" : 489472,
            "70.000000" : 561152,
            "80.000000" : 618496,
            "90.000000" : 716800,
            "95.000000" : 823296,
            "99.000000" : 1056768,
            "99.500000" : 1335296,
            "99.900000" : 3063808,
            "99.950000" : 3293184,
            "99.990000" : 3489792
          }
        },
        "lat_ns" : {
          "min" : 12209,
          "max" : 4810876,
          "mean" : 416015.932793,
          "stddev" : 277934.598740,
          "N" : 9223756
        },
        "bw_min" : 1192960,
        "bw_max" : 1250736,
        "bw_agg" : 100.000000,
        "bw_mean" : 1230156.200000,
        "bw_dev" : 11005.944594,
        "bw_samples" : 60,
        "iops_min" : 298240,
        "iops_max" : 312684,
        "iops_mean" : 307539.016667,
        "iops_stddev" : 2751.417092,
        "iops_samples" : 60
      },
      "trim" : {
        "io_bytes" : 0,
        "io_kbytes" : 0,
        "bw_bytes" : 0,
        "bw" : 0,
        "iops" : 0.000000,
        "runtime" : 0,
        "total_ios" : 0,
        "short_ios" : 0,
        "drop_ios" : 0,
        "slat_ns" : {
          "min" : 0,
          "max" : 0,
          "mean" : 0.000000,
          "stddev" : 0.000000,
          "N" : 0
        },
        "clat_ns" : {
          "min" : 0,
          "max" : 0,
          "mean" : 0.000000,
          "stddev" : 0.000000,
          "N" : 0
        },
        "lat_ns" : {
          "min" : 0,
          "max" : 0,
          "mean" : 0.000000,
          "stddev" : 0.000000,
          "N" : 0
        },
        "bw_min" : 0,
        "bw_max" : 0,
        "bw_agg" : 0.000000,
        "bw_mean" : 0.000000,
        "bw_dev" : 0.000000,
        "bw_samples" : 0,
        "iops_min" : 0,
        "iops_max" : 0,
        "iops_mean" : 0.000000,
        "iops_stddev" : 0.000000,
        "iops_samples" : 0
      },
      "sync" : {
        "total_ios" : 0,
        "lat_ns" : {
          "min" : 0,
          "max" : 0,
          "mean" : 0.000000,
          "stddev" : 0.000000,
          "N" : 0
        }
      },
      "job_runtime" : 30000,
      "usr_cpu" : 99.996667,
      "sys_cpu" : 0.000000,
      "ctx" : 81,
      "majf" : 0,
      "minf" : 160,
      "iodepth_level" : {
        "1" : 0.000000,
        "2" : 0.000000,
        "4" : 0.000000,
        "8" : 0.000000,
        "16" : 0.000000,
        "32" : 0.000000,
        ">=64" : 100.000000
      },
      "iodepth_submit" : {
        "0" : 0.000000,
        "4" : 100.000000,
        "8" : 0.000000,
        "16" : 0.000000,
        "32" : 0.000000,
        "64" : 0.000000,
        ">=64" : 0.000000
      },
      "iodepth_complete" : {
        "0" : 0.000000,
        "4" : 99.999995,
        "8" : 0.000000,
        "16" : 0.000000,
        "32" : 0.000000,
        "64" : 0.000000,
        ">=64" : 0.100000
      },
      "latency_ns" : {
        "2" : 0.000000,
        "4" : 0.000000,
        "10" : 0.000000,
        "20" : 0.000000,
        "50" : 0.000000,
        "100" : 0.000000,
        "250" : 0.000000,
        "500" : 0.000000,
        "750" : 0.000000,
        "1000" : 0.000000
      },
      "latency_us" : {
        "2" : 0.000000,
        "4" : 0.000000,
        "10" : 0.000000,
        "20" : 0.010000,
        "50" : 0.013899,
        "100" : 6.857745,
        "250" : 27.298106,
        "500" : 27.061583,
        "750" : 30.522683,
        "1000" : 6.850894
      },
      "latency_ms" : {
        "2" : 1.085495,
        "4" : 0.309878,
        "10" : 0.010000,
        "20" : 0.000000,
        "50" : 0.000000,
        "100" : 0.000000,
        "250" : 0.000000,
        "500" : 0.000000,
        "750" : 0.000000,
        "1000" : 0.000000,
        "2000" : 0.000000,
        ">=2000" : 0.000000
      },
      "latency_depth" : 128,
      "latency_target" : 0,
      "latency_percentile" : 100.000000,
      "latency_window" : 0
    }
  ]
}
