{
  "fio version" : "fio-3.32",
  "timestamp" : 1669734390,
  "timestamp_ms" : 1669734390714,
  "time" : "Tue Nov 29 16:06:30 2022",
  "jobs" : [
    {
      "jobname" : "qd256",
      "groupid" : 0,
      "error" : 0,
      "eta" : 0,
      "elapsed" : 41,
      "job options" : {
        "name" : "qd256",
        "filename" : "trtype=PCIe traddr=0000.87.00.0 ns=1",
        "size" : "40G",
        "ioengine" : "spdk",
        "iodepth" : "256",
        "rw" : "write",
        "bs" : "4k",
        "direct" : "1",
        "time_based" : "1",
        "runtime" : "30s",
        "ramp_time" : "10s",
        "group_reporting" : "1",
        "thread" : "1",
        "ioscheduler" : "mq-deadline"
      },
      "read" : {
        "io_bytes" : 0,
        "io_kbytes" : 0,
        "bw_bytes" : 0,
        "bw" : 0,
        "iops" : 0.000000,
        "runtime" : 0,
        "total_ios" : 0,
        "short_ios" : 0,
        "drop_ios" : 0,
        "slat_ns" : {
          "min" : 0,
          "max" : 0,
          "mean" : 0.000000,
          "stddev" : 0.000000,
          "N" : 0
        },
        "clat_ns" : {
          "min" : 0,
          "max" : 0,
          "mean" : 0.000000,
          "stddev" : 0.000000,
          "N" : 0
        },
        "lat_ns" : {
          "min" : 0,
          "max" : 0,
          "mean" : 0.000000,
          "stddev" : 0.000000,
          "N" : 0
        },
        "bw_min" : 0,
        "bw_max" : 0,
        "bw_agg" : 0.000000,
        "bw_mean" : 0.000000,
        "bw_dev" : 0.000000,
        "bw_samples" : 0,
        "iops_min" : 0,
        "iops_max" : 0,
        "iops_mean" : 0.000000,
        "iops_stddev" : 0.000000,
        "iops_samples" : 0
      },
      "write" : {
        "io_bytes" : 37748158464,
        "io_kbytes" : 36863436,
        "bw_bytes" : 1258230007,
        "bw" : 1228740,
        "iops" : 307176.560781,
        "runtime" : 30001,
        "total_ios" : 9215604,
        "short_ios" : 0,
        "drop_ios" : 0,
        "slat_ns" : {
          "min" : 94,
          "max" : 77892,
          "mean" : 125.124155,
          "stddev" : 63.770020,
          "N" : 9215604
        },
        "clat_ns" : {
          "min" : 172157,
          "max" : 4519345,
          "mean" : 833068.207410,
          "stddev" : 452675.000067,
          "N" : 9215859,
          "percentile" : {
            "1.000000" : 244736,
            "5.000000" : 280576,
            "10.000000" : 313344,
            "20.000000" : 382976,
            "30.000000" : 464896,
            "40.000000" : 593920,
            "50.000000" : 823296,
            "60.000000" : 1011712,
            "70.000000" : 1122304,
            "80.000000" : 1220608,
            "90.000000" : 1351680,
            "95.000000" : 1466368,
            "99.000000" : 1826816,
            "99.500000" : 2801664,
            "99.900000" : 3883008,
            "99.950000" : 3981312,
            "99.990000" : 4177920
          }
        },
        "lat_ns" : {
          "min" : 172343,
          "max" : 4519475,
          "mean" : 833193.331658,
          "stddev" : 452675.013716,
          "N" : 9215859
        },
        "bw_min" : 1180032,
        "bw_max" : 1246368,
        "bw_agg" : 100.000000,
        "bw_mean" : 1229092.766667,
        "bw_dev" : 10914.683392,
        "bw_samples" : 60,
        "iops_min" : 295010,
        "iops_max" : 311592,
        "iops_mean" : 307273.350000,
        "iops_stddev" : 2728.407674,
        "iops_samples" : 60
      },
      "trim" : {
        "io_bytes" : 0,
        "io_kbytes" : 0,
        "bw_bytes" : 0,
        "bw" : 0,
        "iops" : 0.000000,
        "runtime" : 0,
        "total_ios" : 0,
        "short_ios" : 0,
        "drop_ios" : 0,
        "slat_ns" : {
          "min" : 0,
          "max" : 0,
          "mean" : 0.000000,
          "stddev" : 0.000000,
          "N" : 0
        },
        "clat_ns" : {
          "min" : 0,
          "max" : 0,
          "mean" : 0.000000,
          "stddev" : 0.000000,
          "N" : 0
        },
        "lat_ns" : {
          "min" : 0,
          "max" : 0,
          "mean" : 0.000000,
          "stddev" : 0.000000,
          "N" : 0
        },
        "bw_min" : 0,
        "bw_max" : 0,
        "bw_agg" : 0.000000,
        "bw_mean" : 0.000000,
        "bw_dev" : 0.000000,
        "bw_samples" : 0,
        "iops_min" : 0,
        "iops_max" : 0,
        "iops_mean" : 0.000000,
        "iops_stddev" : 0.000000,
        "iops_samples" : 0
      },
      "sync" : {
        "total_ios" : 0,
        "lat_ns" : {
          "min" : 0,
          "max" : 0,
          "mean" : 0.000000,
          "stddev" : 0.000000,
          "N" : 0
        }
      },
      "job_runtime" : 30000,
      "usr_cpu" : 100.010000,
      "sys_cpu" : 0.000000,
      "ctx" : 92,
      "majf" : 0,
      "minf" : 255,
      "iodepth_level" : {
        "1" : 0.000000,
        "2" : 0.000000,
        "4" : 0.000000,
        "8" : 0.000000,
        "16" : 0.000000,
        "32" : 0.000000,
        ">=64" : 100.000000
      },
      "iodepth_submit" : {
        "0" : 0.000000,
        "4" : 100.000000,
        "8" : 0.000000,
        "16" : 0.000000,
        "32" : 0.000000,
        "64" : 0.000000,
        ">=64" : 0.000000
      },
      "iodepth_complete" : {
        "0" : 0.000000,
        "4" : 99.999995,
        "8" : 0.000000,
        "16" : 0.000000,
        "32" : 0.000000,
        "64" : 0.000000,
        ">=64" : 0.100000
      },
      "latency_ns" : {
        "2" : 0.000000,
        "4" : 0.000000,
        "10" : 0.000000,
        "20" : 0.000000,
        "50" : 0.000000,
        "100" : 0.000000,
        "250" : 0.000000,
        "500" : 0.000000,
        "750" : 0.000000,
        "1000" : 0.000000
      },
      "latency_us" : {
        "2" : 0.000000,
        "4" : 0.000000,
        "10" : 0.000000,
        "20" : 0.000000,
        "50" : 0.000000,
        "100" : 0.000000,
        "250" : 1.346499,
        "500" : 32.165141,
        "750" : 13.917395,
        "1000" : 11.507743
      },
      "latency_ms" : {
        "2" : 40.229137,
        "4" : 0.797463,
        "10" : 0.039390,
        "20" : 0.000000,
        "50" : 0.000000,
        "100" : 0.000000,
        "250" : 0.000000,
        "500" : 0.000000,
        "750" : 0.000000,
        "1000" : 0.000000,
        "2000" : 0.000000,
        ">=2000" : 0.000000
      },
      "latency_depth" : 256,
      "latency_target" : 0,
      "latency_percentile" : 100.000000,
      "latency_window" : 0
    }
  ]
}
