{
  "fio version" : "fio-3.32",
  "timestamp" : 1673892946,
  "timestamp_ms" : 1673892946887,
  "time" : "Mon Jan 16 19:15:46 2023",
  "global options" : {
    "rw" : "read",
    "direct" : "1",
    "group_reporting" : "1",
    "thread" : "1",
    "time_based" : "1",
    "ramp_time" : "10s",
    "runtime" : "3m",
    "percentile_list" : "1:5:10:20:30:40:50:60:70:80:90:95:98:99:99.9:99.99:99.999:100",
    "numa_cpu_nodes" : "1",
    "numa_mem_policy" : "bind:1",
    "size" : "100z",
    "zonemode" : "zbd",
    "max_open_zones" : "14",
    "ioengine" : "spdk",
    "filename" : "trtype=PCIe traddr=0000.88.00.0 ns=2"
  },
  "jobs" : [
    {
      "jobname" : "qd32",
      "groupid" : 0,
      "error" : 0,
      "eta" : 0,
      "elapsed" : 191,
      "job options" : {
        "iodepth" : "32",
        "numjobs" : "1",
        "bs" : "16384",
        "offset_increment" : "100z",
        "job_max_open_zones" : "1"
      },
      "read" : {
        "io_bytes" : 527896297472,
        "io_kbytes" : 515523728,
        "bw_bytes" : 2932740915,
        "bw" : 2864004,
        "iops" : 179000.127777,
        "runtime" : 180001,
        "total_ios" : 32220202,
        "short_ios" : 0,
        "drop_ios" : 0,
        "slat_ns" : {
          "min" : 140,
          "max" : 30670,
          "mean" : 177.276342,
          "stddev" : 27.498618,
          "N" : 32220202
        },
        "clat_ns" : {
          "min" : 12490,
          "max" : 2431743,
          "mean" : 178258.871586,
          "stddev" : 112013.127079,
          "N" : 32220233,
          "percentile" : {
            "1.000000" : 81408,
            "5.000000" : 89600,
            "10.000000" : 91648,
            "20.000000" : 98816,
            "30.000000" : 103936,
            "40.000000" : 114176,
            "50.000000" : 136192,
            "60.000000" : 164864,
            "70.000000" : 205824,
            "80.000000" : 250880,
            "90.000000" : 309248,
            "95.000000" : 370688,
            "98.000000" : 485376,
            "99.000000" : 659456,
            "99.900000" : 913408,
            "99.990000" : 1187840,
            "99.999000" : 1630208,
            "100.000000" : 2441216
          }
        },
        "lat_ns" : {
          "min" : 12686,
          "max" : 2431925,
          "mean" : 178436.147924,
          "stddev" : 112013.533244,
          "N" : 32220233
        },
        "bw_min" : 2760032,
        "bw_max" : 2951360,
        "bw_agg" : 100.000000,
        "bw_mean" : 2864695.988889,
        "bw_dev" : 40370.495693,
        "bw_samples" : 360,
        "iops_min" : 172502,
        "iops_max" : 184460,
        "iops_mean" : 179043.483333,
        "iops_stddev" : 2523.146724,
        "iops_samples" : 360
      },
      "write" : {
        "io_bytes" : 0,
        "io_kbytes" : 0,
        "bw_bytes" : 0,
        "bw" : 0,
        "iops" : 0.000000,
        "runtime" : 0,
        "total_ios" : 0,
        "short_ios" : 0,
        "drop_ios" : 0,
        "slat_ns" : {
          "min" : 0,
          "max" : 0,
          "mean" : 0.000000,
          "stddev" : 0.000000,
          "N" : 0
        },
        "clat_ns" : {
          "min" : 0,
          "max" : 0,
          "mean" : 0.000000,
          "stddev" : 0.000000,
          "N" : 0
        },
        "lat_ns" : {
          "min" : 0,
          "max" : 0,
          "mean" : 0.000000,
          "stddev" : 0.000000,
          "N" : 0
        },
        "bw_min" : 0,
        "bw_max" : 0,
        "bw_agg" : 0.000000,
        "bw_mean" : 0.000000,
        "bw_dev" : 0.000000,
        "bw_samples" : 0,
        "iops_min" : 0,
        "iops_max" : 0,
        "iops_mean" : 0.000000,
        "iops_stddev" : 0.000000,
        "iops_samples" : 0
      },
      "trim" : {
        "io_bytes" : 0,
        "io_kbytes" : 0,
        "bw_bytes" : 0,
        "bw" : 0,
        "iops" : 0.000000,
        "runtime" : 0,
        "total_ios" : 0,
        "short_ios" : 0,
        "drop_ios" : 0,
        "slat_ns" : {
          "min" : 0,
          "max" : 0,
          "mean" : 0.000000,
          "stddev" : 0.000000,
          "N" : 0
        },
        "clat_ns" : {
          "min" : 0,
          "max" : 0,
          "mean" : 0.000000,
          "stddev" : 0.000000,
          "N" : 0
        },
        "lat_ns" : {
          "min" : 0,
          "max" : 0,
          "mean" : 0.000000,
          "stddev" : 0.000000,
          "N" : 0
        },
        "bw_min" : 0,
        "bw_max" : 0,
        "bw_agg" : 0.000000,
        "bw_mean" : 0.000000,
        "bw_dev" : 0.000000,
        "bw_samples" : 0,
        "iops_min" : 0,
        "iops_max" : 0,
        "iops_mean" : 0.000000,
        "iops_stddev" : 0.000000,
        "iops_samples" : 0
      },
      "sync" : {
        "total_ios" : 0,
        "lat_ns" : {
          "min" : 0,
          "max" : 0,
          "mean" : 0.000000,
          "stddev" : 0.000000,
          "N" : 0
        }
      },
      "job_runtime" : 180000,
      "usr_cpu" : 99.999444,
      "sys_cpu" : 0.000000,
      "ctx" : 359,
      "majf" : 0,
      "minf" : 0,
      "iodepth_level" : {
        "1" : 0.100000,
        "2" : 0.100000,
        "4" : 0.100000,
        "8" : 0.100000,
        "16" : 0.100000,
        "32" : 99.999615,
        ">=64" : 0.000000
      },
      "iodepth_submit" : {
        "0" : 0.000000,
        "4" : 100.000000,
        "8" : 0.000000,
        "16" : 0.000000,
        "32" : 0.000000,
        "64" : 0.000000,
        ">=64" : 0.000000
      },
      "iodepth_complete" : {
        "0" : 0.000000,
        "4" : 99.999992,
        "8" : 0.000000,
        "16" : 0.000000,
        "32" : 0.100000,
        "64" : 0.000000,
        ">=64" : 0.000000
      },
      "latency_ns" : {
        "2" : 0.000000,
        "4" : 0.000000,
        "10" : 0.000000,
        "20" : 0.000000,
        "50" : 0.000000,
        "100" : 0.000000,
        "250" : 0.000000,
        "500" : 0.000000,
        "750" : 0.000000,
        "1000" : 0.000000
      },
      "latency_us" : {
        "2" : 0.000000,
        "4" : 0.000000,
        "10" : 0.000000,
        "20" : 0.010000,
        "50" : 0.018426,
        "100" : 23.987466,
        "250" : 56.003637,
        "500" : 18.107919,
        "750" : 1.307518,
        "1000" : 0.538876
      },
      "latency_ms" : {
        "2" : 0.031381,
        "4" : 0.010000,
        "10" : 0.000000,
        "20" : 0.000000,
        "50" : 0.000000,
        "100" : 0.000000,
        "250" : 0.000000,
        "500" : 0.000000,
        "750" : 0.000000,
        "1000" : 0.000000,
        "2000" : 0.000000,
        ">=2000" : 0.000000
      },
      "latency_depth" : 32,
      "latency_target" : 0,
      "latency_percentile" : 100.000000,
      "latency_window" : 0
    }
  ]
}
