{
  "fio version" : "fio-3.32",
  "timestamp" : 1673891421,
  "timestamp_ms" : 1673891421362,
  "time" : "Mon Jan 16 18:50:21 2023",
  "global options" : {
    "rw" : "read",
    "direct" : "1",
    "group_reporting" : "1",
    "thread" : "1",
    "time_based" : "1",
    "ramp_time" : "10s",
    "runtime" : "3m",
    "percentile_list" : "1:5:10:20:30:40:50:60:70:80:90:95:98:99:99.9:99.99:99.999:100",
    "numa_cpu_nodes" : "1",
    "numa_mem_policy" : "bind:1",
    "size" : "100z",
    "zonemode" : "zbd",
    "max_open_zones" : "14",
    "ioengine" : "spdk",
    "filename" : "trtype=PCIe traddr=0000.88.00.0 ns=2"
  },
  "jobs" : [
    {
      "jobname" : "qd8",
      "groupid" : 0,
      "error" : 0,
      "eta" : 0,
      "elapsed" : 191,
      "job options" : {
        "iodepth" : "8",
        "numjobs" : "1",
        "bs" : "16384",
        "offset_increment" : "100z",
        "job_max_open_zones" : "1"
      },
      "read" : {
        "io_bytes" : 537641287680,
        "io_kbytes" : 525040320,
        "bw_bytes" : 2986879448,
        "bw" : 2916874,
        "iops" : 182304.614974,
        "runtime" : 180001,
        "total_ios" : 32815013,
        "short_ios" : 0,
        "drop_ios" : 0,
        "slat_ns" : {
          "min" : 121,
          "max" : 29616,
          "mean" : 135.886277,
          "stddev" : 24.636923,
          "N" : 32815013
        },
        "clat_ns" : {
          "min" : 12336,
          "max" : 1528361,
          "mean" : 43442.380516,
          "stddev" : 49613.715989,
          "N" : 32815020,
          "percentile" : {
            "1.000000" : 13504,
            "5.000000" : 14912,
            "10.000000" : 19328,
            "20.000000" : 19584,
            "30.000000" : 24448,
            "40.000000" : 29568,
            "50.000000" : 29568,
            "60.000000" : 39168,
            "70.000000" : 39680,
            "80.000000" : 39680,
            "90.000000" : 74240,
            "95.000000" : 127488,
            "98.000000" : 197632,
            "99.000000" : 272384,
            "99.900000" : 514048,
            "99.990000" : 651264,
            "99.999000" : 1073152,
            "100.000000" : 1531904
          }
        },
        "lat_ns" : {
          "min" : 12465,
          "max" : 1528508,
          "mean" : 43578.266793,
          "stddev" : 49613.793483,
          "N" : 32815020
        },
        "bw_min" : 2803136,
        "bw_max" : 3020480,
        "bw_agg" : 100.000000,
        "bw_mean" : 2917549.541667,
        "bw_dev" : 41081.947381,
        "bw_samples" : 360,
        "iops_min" : 175196,
        "iops_max" : 188780,
        "iops_mean" : 182346.805556,
        "iops_stddev" : 2567.600045,
        "iops_samples" : 360
      },
      "write" : {
        "io_bytes" : 0,
        "io_kbytes" : 0,
        "bw_bytes" : 0,
        "bw" : 0,
        "iops" : 0.000000,
        "runtime" : 0,
        "total_ios" : 0,
        "short_ios" : 0,
        "drop_ios" : 0,
        "slat_ns" : {
          "min" : 0,
          "max" : 0,
          "mean" : 0.000000,
          "stddev" : 0.000000,
          "N" : 0
        },
        "clat_ns" : {
          "min" : 0,
          "max" : 0,
          "mean" : 0.000000,
          "stddev" : 0.000000,
          "N" : 0
        },
        "lat_ns" : {
          "min" : 0,
          "max" : 0,
          "mean" : 0.000000,
          "stddev" : 0.000000,
          "N" : 0
        },
        "bw_min" : 0,
        "bw_max" : 0,
        "bw_agg" : 0.000000,
        "bw_mean" : 0.000000,
        "bw_dev" : 0.000000,
        "bw_samples" : 0,
        "iops_min" : 0,
        "iops_max" : 0,
        "iops_mean" : 0.000000,
        "iops_stddev" : 0.000000,
        "iops_samples" : 0
      },
      "trim" : {
        "io_bytes" : 0,
        "io_kbytes" : 0,
        "bw_bytes" : 0,
        "bw" : 0,
        "iops" : 0.000000,
        "runtime" : 0,
        "total_ios" : 0,
        "short_ios" : 0,
        "drop_ios" : 0,
        "slat_ns" : {
          "min" : 0,
          "max" : 0,
          "mean" : 0.000000,
          "stddev" : 0.000000,
          "N" : 0
        },
        "clat_ns" : {
          "min" : 0,
          "max" : 0,
          "mean" : 0.000000,
          "stddev" : 0.000000,
          "N" : 0
        },
        "lat_ns" : {
          "min" : 0,
          "max" : 0,
          "mean" : 0.000000,
          "stddev" : 0.000000,
          "N" : 0
        },
        "bw_min" : 0,
        "bw_max" : 0,
        "bw_agg" : 0.000000,
        "bw_mean" : 0.000000,
        "bw_dev" : 0.000000,
        "bw_samples" : 0,
        "iops_min" : 0,
        "iops_max" : 0,
        "iops_mean" : 0.000000,
        "iops_stddev" : 0.000000,
        "iops_samples" : 0
      },
      "sync" : {
        "total_ios" : 0,
        "lat_ns" : {
          "min" : 0,
          "max" : 0,
          "mean" : 0.000000,
          "stddev" : 0.000000,
          "N" : 0
        }
      },
      "job_runtime" : 180000,
      "usr_cpu" : 99.997222,
      "sys_cpu" : 0.002222,
      "ctx" : 361,
      "majf" : 0,
      "minf" : 0,
      "iodepth_level" : {
        "1" : 0.100000,
        "2" : 0.100000,
        "4" : 0.100000,
        "8" : 99.999893,
        "16" : 0.000000,
        "32" : 0.000000,
        ">=64" : 0.000000
      },
      "iodepth_submit" : {
        "0" : 0.000000,
        "4" : 100.000000,
        "8" : 0.000000,
        "16" : 0.000000,
        "32" : 0.000000,
        "64" : 0.000000,
        ">=64" : 0.000000
      },
      "iodepth_complete" : {
        "0" : 0.000000,
        "4" : 99.999991,
        "8" : 0.100000,
        "16" : 0.000000,
        "32" : 0.000000,
        "64" : 0.000000,
        ">=64" : 0.000000
      },
      "latency_ns" : {
        "2" : 0.000000,
        "4" : 0.000000,
        "10" : 0.000000,
        "20" : 0.000000,
        "50" : 0.000000,
        "100" : 0.000000,
        "250" : 0.000000,
        "500" : 0.000000,
        "750" : 0.000000,
        "1000" : 0.000000
      },
      "latency_us" : {
        "2" : 0.000000,
        "4" : 0.000000,
        "10" : 0.000000,
        "20" : 25.327749,
        "50" : 61.394868,
        "100" : 6.161226,
        "250" : 5.924788,
        "500" : 1.059881,
        "750" : 0.126780,
        "1000" : 0.010000
      },
      "latency_ms" : {
        "2" : 0.010000,
        "4" : 0.000000,
        "10" : 0.000000,
        "20" : 0.000000,
        "50" : 0.000000,
        "100" : 0.000000,
        "250" : 0.000000,
        "500" : 0.000000,
        "750" : 0.000000,
        "1000" : 0.000000,
        "2000" : 0.000000,
        ">=2000" : 0.000000
      },
      "latency_depth" : 8,
      "latency_target" : 0,
      "latency_percentile" : 100.000000,
      "latency_window" : 0
    }
  ]
}
