{
  "fio version" : "fio-3.32",
  "timestamp" : 1669828099,
  "timestamp_ms" : 1669828099223,
  "time" : "Wed Nov 30 18:08:19 2022",
  "jobs" : [
    {
      "jobname" : "qd1",
      "groupid" : 0,
      "error" : 0,
      "eta" : 0,
      "elapsed" : 41,
      "job options" : {
        "name" : "qd1",
        "rw" : "write",
        "direct" : "1",
        "group_reporting" : "1",
        "thread" : "1",
        "time_based" : "1",
        "runtime" : "30s",
        "ramp_time" : "10s",
        "numa_cpu_nodes" : "1",
        "numa_mem_policy" : "bind:1",
        "size" : "40G",
        "ioengine" : "spdk",
        "filename" : "trtype=PCIe traddr=0000.87.00.0 ns=1",
        "bs" : "512",
        "iodepth" : "1"
      },
      "read" : {
        "io_bytes" : 0,
        "io_kbytes" : 0,
        "bw_bytes" : 0,
        "bw" : 0,
        "iops" : 0.000000,
        "runtime" : 0,
        "total_ios" : 0,
        "short_ios" : 0,
        "drop_ios" : 0,
        "slat_ns" : {
          "min" : 0,
          "max" : 0,
          "mean" : 0.000000,
          "stddev" : 0.000000,
          "N" : 0
        },
        "clat_ns" : {
          "min" : 0,
          "max" : 0,
          "mean" : 0.000000,
          "stddev" : 0.000000,
          "N" : 0
        },
        "lat_ns" : {
          "min" : 0,
          "max" : 0,
          "mean" : 0.000000,
          "stddev" : 0.000000,
          "N" : 0
        },
        "bw_min" : 0,
        "bw_max" : 0,
        "bw_agg" : 0.000000,
        "bw_mean" : 0.000000,
        "bw_dev" : 0.000000,
        "bw_samples" : 0,
        "iops_min" : 0,
        "iops_max" : 0,
        "iops_mean" : 0.000000,
        "iops_stddev" : 0.000000,
        "iops_samples" : 0
      },
      "write" : {
        "io_bytes" : 1614986752,
        "io_kbytes" : 1577135,
        "bw_bytes" : 53831097,
        "bw" : 52569,
        "iops" : 105138.862038,
        "runtime" : 30001,
        "total_ios" : 3154271,
        "short_ios" : 0,
        "drop_ios" : 0,
        "slat_ns" : {
          "min" : 120,
          "max" : 16287,
          "mean" : 129.384377,
          "stddev" : 20.645692,
          "N" : 3154271
        },
        "clat_ns" : {
          "min" : 8132,
          "max" : 48685,
          "mean" : 9146.148641,
          "stddev" : 692.091714,
          "N" : 3154271,
          "percentile" : {
            "1.000000" : 8384,
            "5.000000" : 8384,
            "10.000000" : 8512,
            "20.000000" : 8768,
            "30.000000" : 8768,
            "40.000000" : 8896,
            "50.000000" : 9024,
            "60.000000" : 9152,
            "70.000000" : 9280,
            "80.000000" : 9536,
            "90.000000" : 9664,
            "95.000000" : 10176,
            "99.000000" : 12096,
            "99.500000" : 12608,
            "99.900000" : 15296,
            "99.950000" : 16512,
            "99.990000" : 19584
          }
        },
        "lat_ns" : {
          "min" : 8275,
          "max" : 48814,
          "mean" : 9275.533019,
          "stddev" : 692.437380,
          "N" : 3154271
        },
        "bw_min" : 52398,
        "bw_max" : 52670,
        "bw_agg" : 100.000000,
        "bw_mean" : 52585.083333,
        "bw_dev" : 65.120304,
        "bw_samples" : 60,
        "iops_min" : 104796,
        "iops_max" : 105340,
        "iops_mean" : 105170.150000,
        "iops_stddev" : 130.190711,
        "iops_samples" : 60
      },
      "trim" : {
        "io_bytes" : 0,
        "io_kbytes" : 0,
        "bw_bytes" : 0,
        "bw" : 0,
        "iops" : 0.000000,
        "runtime" : 0,
        "total_ios" : 0,
        "short_ios" : 0,
        "drop_ios" : 0,
        "slat_ns" : {
          "min" : 0,
          "max" : 0,
          "mean" : 0.000000,
          "stddev" : 0.000000,
          "N" : 0
        },
        "clat_ns" : {
          "min" : 0,
          "max" : 0,
          "mean" : 0.000000,
          "stddev" : 0.000000,
          "N" : 0
        },
        "lat_ns" : {
          "min" : 0,
          "max" : 0,
          "mean" : 0.000000,
          "stddev" : 0.000000,
          "N" : 0
        },
        "bw_min" : 0,
        "bw_max" : 0,
        "bw_agg" : 0.000000,
        "bw_mean" : 0.000000,
        "bw_dev" : 0.000000,
        "bw_samples" : 0,
        "iops_min" : 0,
        "iops_max" : 0,
        "iops_mean" : 0.000000,
        "iops_stddev" : 0.000000,
        "iops_samples" : 0
      },
      "sync" : {
        "total_ios" : 0,
        "lat_ns" : {
          "min" : 0,
          "max" : 0,
          "mean" : 0.000000,
          "stddev" : 0.000000,
          "N" : 0
        }
      },
      "job_runtime" : 30000,
      "usr_cpu" : 100.000000,
      "sys_cpu" : 0.000000,
      "ctx" : 48,
      "majf" : 0,
      "minf" : 0,
      "iodepth_level" : {
        "1" : 100.000000,
        "2" : 0.000000,
        "4" : 0.000000,
        "8" : 0.000000,
        "16" : 0.000000,
        "32" : 0.000000,
        ">=64" : 0.000000
      },
      "iodepth_submit" : {
        "0" : 0.000000,
        "4" : 100.000000,
        "8" : 0.000000,
        "16" : 0.000000,
        "32" : 0.000000,
        "64" : 0.000000,
        ">=64" : 0.000000
      },
      "iodepth_complete" : {
        "0" : 0.000000,
        "4" : 100.000000,
        "8" : 0.000000,
        "16" : 0.000000,
        "32" : 0.000000,
        "64" : 0.000000,
        ">=64" : 0.000000
      },
      "latency_ns" : {
        "2" : 0.000000,
        "4" : 0.000000,
        "10" : 0.000000,
        "20" : 0.000000,
        "50" : 0.000000,
        "100" : 0.000000,
        "250" : 0.000000,
        "500" : 0.000000,
        "750" : 0.000000,
        "1000" : 0.000000
      },
      "latency_us" : {
        "2" : 0.000000,
        "4" : 0.000000,
        "10" : 93.559590,
        "20" : 6.433911,
        "50" : 0.010000,
        "100" : 0.000000,
        "250" : 0.000000,
        "500" : 0.000000,
        "750" : 0.000000,
        "1000" : 0.000000
      },
      "latency_ms" : {
        "2" : 0.000000,
        "4" : 0.000000,
        "10" : 0.000000,
        "20" : 0.000000,
        "50" : 0.000000,
        "100" : 0.000000,
        "250" : 0.000000,
        "500" : 0.000000,
        "750" : 0.000000,
        "1000" : 0.000000,
        "2000" : 0.000000,
        ">=2000" : 0.000000
      },
      "latency_depth" : 1,
      "latency_target" : 0,
      "latency_percentile" : 100.000000,
      "latency_window" : 0
    }
  ]
}
