{
  "fio version" : "fio-3.32",
  "timestamp" : 1673881885,
  "timestamp_ms" : 1673881885636,
  "time" : "Mon Jan 16 16:11:25 2023",
  "global options" : {
    "rw" : "read",
    "direct" : "1",
    "group_reporting" : "1",
    "thread" : "1",
    "time_based" : "1",
    "ramp_time" : "10s",
    "runtime" : "3m",
    "percentile_list" : "1:5:10:20:30:40:50:60:70:80:90:95:98:99:99.9:99.99:99.999:100",
    "numa_cpu_nodes" : "1",
    "numa_mem_policy" : "bind:1",
    "size" : "100z",
    "zonemode" : "zbd",
    "max_open_zones" : "14",
    "ioengine" : "spdk",
    "filename" : "trtype=PCIe traddr=0000.88.00.0 ns=2"
  },
  "jobs" : [
    {
      "jobname" : "qd1",
      "groupid" : 0,
      "error" : 0,
      "eta" : 0,
      "elapsed" : 191,
      "job options" : {
        "iodepth" : "1",
        "numjobs" : "4",
        "bs" : "8192",
        "offset_increment" : "100z",
        "job_max_open_zones" : "1"
      },
      "read" : {
        "io_bytes" : 89177300992,
        "io_kbytes" : 87087208,
        "bw_bytes" : 495426697,
        "bw" : 483815,
        "iops" : 60476.891795,
        "runtime" : 180001,
        "total_ios" : 10885901,
        "short_ios" : 0,
        "drop_ios" : 0,
        "slat_ns" : {
          "min" : 131,
          "max" : 19170,
          "mean" : 163.776727,
          "stddev" : 35.147474,
          "N" : 10885901
        },
        "clat_ns" : {
          "min" : 31693,
          "max" : 385659,
          "mean" : 65658.491807,
          "stddev" : 32817.756971,
          "N" : 10885901,
          "percentile" : {
            "1.000000" : 32384,
            "5.000000" : 32640,
            "10.000000" : 32640,
            "20.000000" : 33024,
            "30.000000" : 33536,
            "40.000000" : 35072,
            "50.000000" : 79360,
            "60.000000" : 80384,
            "70.000000" : 83456,
            "80.000000" : 92672,
            "90.000000" : 95744,
            "95.000000" : 128512,
            "98.000000" : 142336,
            "99.000000" : 154624,
            "99.900000" : 218112,
            "99.990000" : 268288,
            "99.999000" : 296960,
            "100.000000" : 387072
          }
        },
        "lat_ns" : {
          "min" : 31849,
          "max" : 385813,
          "mean" : 65822.268534,
          "stddev" : 32817.782923,
          "N" : 10885901
        },
        "bw_min" : 446688,
        "bw_max" : 510208,
        "bw_agg" : 100.000000,
        "bw_mean" : 483942.744444,
        "bw_dev" : 2746.545296,
        "bw_samples" : 1440,
        "iops_min" : 55836,
        "iops_max" : 63776,
        "iops_mean" : 60492.613889,
        "iops_stddev" : 343.313258,
        "iops_samples" : 1440
      },
      "write" : {
        "io_bytes" : 0,
        "io_kbytes" : 0,
        "bw_bytes" : 0,
        "bw" : 0,
        "iops" : 0.000000,
        "runtime" : 0,
        "total_ios" : 0,
        "short_ios" : 0,
        "drop_ios" : 0,
        "slat_ns" : {
          "min" : 0,
          "max" : 0,
          "mean" : 0.000000,
          "stddev" : 0.000000,
          "N" : 0
        },
        "clat_ns" : {
          "min" : 0,
          "max" : 0,
          "mean" : 0.000000,
          "stddev" : 0.000000,
          "N" : 0
        },
        "lat_ns" : {
          "min" : 0,
          "max" : 0,
          "mean" : 0.000000,
          "stddev" : 0.000000,
          "N" : 0
        },
        "bw_min" : 0,
        "bw_max" : 0,
        "bw_agg" : 0.000000,
        "bw_mean" : 0.000000,
        "bw_dev" : 0.000000,
        "bw_samples" : 0,
        "iops_min" : 0,
        "iops_max" : 0,
        "iops_mean" : 0.000000,
        "iops_stddev" : 0.000000,
        "iops_samples" : 0
      },
      "trim" : {
        "io_bytes" : 0,
        "io_kbytes" : 0,
        "bw_bytes" : 0,
        "bw" : 0,
        "iops" : 0.000000,
        "runtime" : 0,
        "total_ios" : 0,
        "short_ios" : 0,
        "drop_ios" : 0,
        "slat_ns" : {
          "min" : 0,
          "max" : 0,
          "mean" : 0.000000,
          "stddev" : 0.000000,
          "N" : 0
        },
        "clat_ns" : {
          "min" : 0,
          "max" : 0,
          "mean" : 0.000000,
          "stddev" : 0.000000,
          "N" : 0
        },
        "lat_ns" : {
          "min" : 0,
          "max" : 0,
          "mean" : 0.000000,
          "stddev" : 0.000000,
          "N" : 0
        },
        "bw_min" : 0,
        "bw_max" : 0,
        "bw_agg" : 0.000000,
        "bw_mean" : 0.000000,
        "bw_dev" : 0.000000,
        "bw_samples" : 0,
        "iops_min" : 0,
        "iops_max" : 0,
        "iops_mean" : 0.000000,
        "iops_stddev" : 0.000000,
        "iops_samples" : 0
      },
      "sync" : {
        "total_ios" : 0,
        "lat_ns" : {
          "min" : 0,
          "max" : 0,
          "mean" : 0.000000,
          "stddev" : 0.000000,
          "N" : 0
        }
      },
      "job_runtime" : 720000,
      "usr_cpu" : 99.997917,
      "sys_cpu" : 0.000417,
      "ctx" : 1070,
      "majf" : 0,
      "minf" : 0,
      "iodepth_level" : {
        "1" : 100.000000,
        "2" : 0.000000,
        "4" : 0.000000,
        "8" : 0.000000,
        "16" : 0.000000,
        "32" : 0.000000,
        ">=64" : 0.000000
      },
      "iodepth_submit" : {
        "0" : 0.000000,
        "4" : 100.000000,
        "8" : 0.000000,
        "16" : 0.000000,
        "32" : 0.000000,
        "64" : 0.000000,
        ">=64" : 0.000000
      },
      "iodepth_complete" : {
        "0" : 0.000000,
        "4" : 100.000000,
        "8" : 0.000000,
        "16" : 0.000000,
        "32" : 0.000000,
        "64" : 0.000000,
        ">=64" : 0.000000
      },
      "latency_ns" : {
        "2" : 0.000000,
        "4" : 0.000000,
        "10" : 0.000000,
        "20" : 0.000000,
        "50" : 0.000000,
        "100" : 0.000000,
        "250" : 0.000000,
        "500" : 0.000000,
        "750" : 0.000000,
        "1000" : 0.000000
      },
      "latency_us" : {
        "2" : 0.000000,
        "4" : 0.000000,
        "10" : 0.000000,
        "20" : 0.000000,
        "50" : 45.263924,
        "100" : 47.505291,
        "250" : 7.216702,
        "500" : 0.014082,
        "750" : 0.000000,
        "1000" : 0.000000
      },
      "latency_ms" : {
        "2" : 0.000000,
        "4" : 0.000000,
        "10" : 0.000000,
        "20" : 0.000000,
        "50" : 0.000000,
        "100" : 0.000000,
        "250" : 0.000000,
        "500" : 0.000000,
        "750" : 0.000000,
        "1000" : 0.000000,
        "2000" : 0.000000,
        ">=2000" : 0.000000
      },
      "latency_depth" : 1,
      "latency_target" : 0,
      "latency_percentile" : 100.000000,
      "latency_window" : 0
    }
  ]
}
