{
  "fio version" : "fio-3.32",
  "timestamp" : 1670951799,
  "timestamp_ms" : 1670951799998,
  "time" : "Tue Dec 13 18:16:39 2022",
  "global options" : {
    "rw" : "write",
    "direct" : "1",
    "group_reporting" : "1",
    "filename" : "trtype=PCIe traddr=0000.88.00.0 ns=1",
    "bs" : "32768",
    "size" : "2G",
    "time_based" : "1",
    "iodepth" : "16",
    "numjobs" : "1",
    "ramp_time" : "10s",
    "runtime" : "30s",
    "numa_cpu_nodes" : "1",
    "numa_mem_policy" : "bind:1",
    "thread" : "1"
  },
  "jobs" : [
    {
      "jobname" : "seqzns",
      "groupid" : 0,
      "error" : 0,
      "eta" : 0,
      "elapsed" : 41,
      "job options" : {
        "name" : "seqzns",
        "ioengine" : "spdk"
      },
      "read" : {
        "io_bytes" : 0,
        "io_kbytes" : 0,
        "bw_bytes" : 0,
        "bw" : 0,
        "iops" : 0.000000,
        "runtime" : 0,
        "total_ios" : 0,
        "short_ios" : 0,
        "drop_ios" : 0,
        "slat_ns" : {
          "min" : 0,
          "max" : 0,
          "mean" : 0.000000,
          "stddev" : 0.000000,
          "N" : 0
        },
        "clat_ns" : {
          "min" : 0,
          "max" : 0,
          "mean" : 0.000000,
          "stddev" : 0.000000,
          "N" : 0
        },
        "lat_ns" : {
          "min" : 0,
          "max" : 0,
          "mean" : 0.000000,
          "stddev" : 0.000000,
          "N" : 0
        },
        "bw_min" : 0,
        "bw_max" : 0,
        "bw_agg" : 0.000000,
        "bw_mean" : 0.000000,
        "bw_dev" : 0.000000,
        "bw_samples" : 0,
        "iops_min" : 0,
        "iops_max" : 0,
        "iops_mean" : 0.000000,
        "iops_stddev" : 0.000000,
        "iops_samples" : 0
      },
      "write" : {
        "io_bytes" : 36757307392,
        "io_kbytes" : 35895808,
        "bw_bytes" : 1225202739,
        "bw" : 1196487,
        "iops" : 37389.720343,
        "runtime" : 30001,
        "total_ios" : 1121729,
        "short_ios" : 0,
        "drop_ios" : 0,
        "slat_ns" : {
          "min" : 260,
          "max" : 16878,
          "mean" : 706.813450,
          "stddev" : 131.456537,
          "N" : 1121729
        },
        "clat_ns" : {
          "min" : 21173,
          "max" : 4920774,
          "mean" : 426960.059445,
          "stddev" : 403341.357247,
          "N" : 1121744,
          "percentile" : {
            "1.000000" : 28032,
            "5.000000" : 47872,
            "10.000000" : 72192,
            "20.000000" : 127488,
            "30.000000" : 183296,
            "40.000000" : 240640,
            "50.000000" : 301056,
            "60.000000" : 366592,
            "70.000000" : 464896,
            "80.000000" : 651264,
            "90.000000" : 1036288,
            "95.000000" : 1302528,
            "99.000000" : 1597440,
            "99.500000" : 1712128,
            "99.900000" : 3358720,
            "99.950000" : 3784704,
            "99.990000" : 4079616
          }
        },
        "lat_ns" : {
          "min" : 21689,
          "max" : 4921446,
          "mean" : 427666.872668,
          "stddev" : 403340.696036,
          "N" : 1121744
        },
        "bw_min" : 1167360,
        "bw_max" : 1212672,
        "bw_agg" : 100.000000,
        "bw_mean" : 1196804.716667,
        "bw_dev" : 8454.837897,
        "bw_samples" : 60,
        "iops_min" : 36480,
        "iops_max" : 37896,
        "iops_mean" : 37400.050000,
        "iops_stddev" : 264.129618,
        "iops_samples" : 60
      },
      "trim" : {
        "io_bytes" : 0,
        "io_kbytes" : 0,
        "bw_bytes" : 0,
        "bw" : 0,
        "iops" : 0.000000,
        "runtime" : 0,
        "total_ios" : 0,
        "short_ios" : 0,
        "drop_ios" : 0,
        "slat_ns" : {
          "min" : 0,
          "max" : 0,
          "mean" : 0.000000,
          "stddev" : 0.000000,
          "N" : 0
        },
        "clat_ns" : {
          "min" : 0,
          "max" : 0,
          "mean" : 0.000000,
          "stddev" : 0.000000,
          "N" : 0
        },
        "lat_ns" : {
          "min" : 0,
          "max" : 0,
          "mean" : 0.000000,
          "stddev" : 0.000000,
          "N" : 0
        },
        "bw_min" : 0,
        "bw_max" : 0,
        "bw_agg" : 0.000000,
        "bw_mean" : 0.000000,
        "bw_dev" : 0.000000,
        "bw_samples" : 0,
        "iops_min" : 0,
        "iops_max" : 0,
        "iops_mean" : 0.000000,
        "iops_stddev" : 0.000000,
        "iops_samples" : 0
      },
      "sync" : {
        "total_ios" : 0,
        "lat_ns" : {
          "min" : 0,
          "max" : 0,
          "mean" : 0.000000,
          "stddev" : 0.000000,
          "N" : 0
        }
      },
      "job_runtime" : 30000,
      "usr_cpu" : 100.013333,
      "sys_cpu" : 0.000000,
      "ctx" : 27,
      "majf" : 0,
      "minf" : 0,
      "iodepth_level" : {
        "1" : 0.000000,
        "2" : 0.000000,
        "4" : 0.000000,
        "8" : 0.000000,
        "16" : 100.000000,
        "32" : 0.000000,
        ">=64" : 0.000000
      },
      "iodepth_submit" : {
        "0" : 0.000000,
        "4" : 100.000000,
        "8" : 0.000000,
        "16" : 0.000000,
        "32" : 0.000000,
        "64" : 0.000000,
        ">=64" : 0.000000
      },
      "iodepth_complete" : {
        "0" : 0.000000,
        "4" : 99.999955,
        "8" : 0.000000,
        "16" : 0.100000,
        "32" : 0.000000,
        "64" : 0.000000,
        ">=64" : 0.000000
      },
      "latency_ns" : {
        "2" : 0.000000,
        "4" : 0.000000,
        "10" : 0.000000,
        "20" : 0.000000,
        "50" : 0.000000,
        "100" : 0.000000,
        "250" : 0.000000,
        "500" : 0.000000,
        "750" : 0.000000,
        "1000" : 0.000000
      },
      "latency_us" : {
        "2" : 0.000000,
        "4" : 0.000000,
        "10" : 0.000000,
        "20" : 0.000000,
        "50" : 5.480022,
        "100" : 9.855767,
        "250" : 26.181279,
        "500" : 31.046269,
        "750" : 10.739492,
        "1000" : 5.951081
      },
      "latency_ms" : {
        "2" : 10.417935,
        "4" : 0.309790,
        "10" : 0.019702,
        "20" : 0.000000,
        "50" : 0.000000,
        "100" : 0.000000,
        "250" : 0.000000,
        "500" : 0.000000,
        "750" : 0.000000,
        "1000" : 0.000000,
        "2000" : 0.000000,
        ">=2000" : 0.000000
      },
      "latency_depth" : 16,
      "latency_target" : 0,
      "latency_percentile" : 100.000000,
      "latency_window" : 0
    }
  ]
}
