{
  "fio version" : "fio-3.32",
  "timestamp" : 1670952776,
  "timestamp_ms" : 1670952776822,
  "time" : "Tue Dec 13 18:32:56 2022",
  "global options" : {
    "rw" : "write",
    "direct" : "1",
    "group_reporting" : "1",
    "filename" : "trtype=PCIe traddr=0000.88.00.0 ns=1",
    "bs" : "32768",
    "size" : "2G",
    "time_based" : "1",
    "iodepth" : "256",
    "numjobs" : "1",
    "ramp_time" : "10s",
    "runtime" : "30s",
    "numa_cpu_nodes" : "1",
    "numa_mem_policy" : "bind:1",
    "thread" : "1"
  },
  "jobs" : [
    {
      "jobname" : "seqzns",
      "groupid" : 0,
      "error" : 0,
      "eta" : 0,
      "elapsed" : 41,
      "job options" : {
        "name" : "seqzns",
        "ioengine" : "spdk"
      },
      "read" : {
        "io_bytes" : 0,
        "io_kbytes" : 0,
        "bw_bytes" : 0,
        "bw" : 0,
        "iops" : 0.000000,
        "runtime" : 0,
        "total_ios" : 0,
        "short_ios" : 0,
        "drop_ios" : 0,
        "slat_ns" : {
          "min" : 0,
          "max" : 0,
          "mean" : 0.000000,
          "stddev" : 0.000000,
          "N" : 0
        },
        "clat_ns" : {
          "min" : 0,
          "max" : 0,
          "mean" : 0.000000,
          "stddev" : 0.000000,
          "N" : 0
        },
        "lat_ns" : {
          "min" : 0,
          "max" : 0,
          "mean" : 0.000000,
          "stddev" : 0.000000,
          "N" : 0
        },
        "bw_min" : 0,
        "bw_max" : 0,
        "bw_agg" : 0.000000,
        "bw_mean" : 0.000000,
        "bw_dev" : 0.000000,
        "bw_samples" : 0,
        "iops_min" : 0,
        "iops_max" : 0,
        "iops_mean" : 0.000000,
        "iops_stddev" : 0.000000,
        "iops_samples" : 0
      },
      "write" : {
        "io_bytes" : 36775723008,
        "io_kbytes" : 35913792,
        "bw_bytes" : 1225571466,
        "bw" : 1196847,
        "iops" : 37392.974973,
        "runtime" : 30007,
        "total_ios" : 1122051,
        "short_ios" : 0,
        "drop_ios" : 0,
        "slat_ns" : {
          "min" : 287,
          "max" : 18022,
          "mean" : 678.890777,
          "stddev" : 139.854848,
          "N" : 1122051
        },
        "clat_ns" : {
          "min" : 5185200,
          "max" : 13045849,
          "mean" : 6844492.529982,
          "stddev" : 662914.796126,
          "N" : 1122306,
          "percentile" : {
            "1.000000" : 5537792,
            "5.000000" : 5865472,
            "10.000000" : 6127616,
            "20.000000" : 6520832,
            "30.000000" : 6651904,
            "40.000000" : 6717440,
            "50.000000" : 6848512,
            "60.000000" : 6914048,
            "70.000000" : 6979584,
            "80.000000" : 7045120,
            "90.000000" : 7176192,
            "95.000000" : 7897088,
            "99.000000" : 9502720,
            "99.500000" : 9633792,
            "99.900000" : 10027008,
            "99.950000" : 10420224,
            "99.990000" : 11468800
          }
        },
        "lat_ns" : {
          "min" : 5185871,
          "max" : 13046484,
          "mean" : 6845171.422226,
          "stddev" : 662914.568528,
          "N" : 1122306
        },
        "bw_min" : 1172585,
        "bw_max" : 1212992,
        "bw_agg" : 100.000000,
        "bw_mean" : 1197170.733333,
        "bw_dev" : 8903.667979,
        "bw_samples" : 60,
        "iops_min" : 36643,
        "iops_max" : 37906,
        "iops_mean" : 37411.533333,
        "iops_stddev" : 278.272301,
        "iops_samples" : 60
      },
      "trim" : {
        "io_bytes" : 0,
        "io_kbytes" : 0,
        "bw_bytes" : 0,
        "bw" : 0,
        "iops" : 0.000000,
        "runtime" : 0,
        "total_ios" : 0,
        "short_ios" : 0,
        "drop_ios" : 0,
        "slat_ns" : {
          "min" : 0,
          "max" : 0,
          "mean" : 0.000000,
          "stddev" : 0.000000,
          "N" : 0
        },
        "clat_ns" : {
          "min" : 0,
          "max" : 0,
          "mean" : 0.000000,
          "stddev" : 0.000000,
          "N" : 0
        },
        "lat_ns" : {
          "min" : 0,
          "max" : 0,
          "mean" : 0.000000,
          "stddev" : 0.000000,
          "N" : 0
        },
        "bw_min" : 0,
        "bw_max" : 0,
        "bw_agg" : 0.000000,
        "bw_mean" : 0.000000,
        "bw_dev" : 0.000000,
        "bw_samples" : 0,
        "iops_min" : 0,
        "iops_max" : 0,
        "iops_mean" : 0.000000,
        "iops_stddev" : 0.000000,
        "iops_samples" : 0
      },
      "sync" : {
        "total_ios" : 0,
        "lat_ns" : {
          "min" : 0,
          "max" : 0,
          "mean" : 0.000000,
          "stddev" : 0.000000,
          "N" : 0
        }
      },
      "job_runtime" : 30006,
      "usr_cpu" : 99.993335,
      "sys_cpu" : 0.000000,
      "ctx" : 33,
      "majf" : 0,
      "minf" : 0,
      "iodepth_level" : {
        "1" : 0.000000,
        "2" : 0.000000,
        "4" : 0.000000,
        "8" : 0.000000,
        "16" : 0.000000,
        "32" : 0.000000,
        ">=64" : 100.000000
      },
      "iodepth_submit" : {
        "0" : 0.000000,
        "4" : 100.000000,
        "8" : 0.000000,
        "16" : 0.000000,
        "32" : 0.000000,
        "64" : 0.000000,
        ">=64" : 0.000000
      },
      "iodepth_complete" : {
        "0" : 0.000000,
        "4" : 99.999955,
        "8" : 0.000000,
        "16" : 0.000000,
        "32" : 0.000000,
        "64" : 0.000000,
        ">=64" : 0.100000
      },
      "latency_ns" : {
        "2" : 0.000000,
        "4" : 0.000000,
        "10" : 0.000000,
        "20" : 0.000000,
        "50" : 0.000000,
        "100" : 0.000000,
        "250" : 0.000000,
        "500" : 0.000000,
        "750" : 0.000000,
        "1000" : 0.000000
      },
      "latency_us" : {
        "2" : 0.000000,
        "4" : 0.000000,
        "10" : 0.000000,
        "20" : 0.000000,
        "50" : 0.000000,
        "100" : 0.000000,
        "250" : 0.000000,
        "500" : 0.000000,
        "750" : 0.000000,
        "1000" : 0.000000
      },
      "latency_ms" : {
        "2" : 0.000000,
        "4" : 0.000000,
        "10" : 99.915066,
        "20" : 0.107660,
        "50" : 0.000000,
        "100" : 0.000000,
        "250" : 0.000000,
        "500" : 0.000000,
        "750" : 0.000000,
        "1000" : 0.000000,
        "2000" : 0.000000,
        ">=2000" : 0.000000
      },
      "latency_depth" : 256,
      "latency_target" : 0,
      "latency_percentile" : 100.000000,
      "latency_window" : 0
    }
  ]
}
