{
  "fio version" : "fio-3.32",
  "timestamp" : 1669907345,
  "timestamp_ms" : 1669907345847,
  "time" : "Thu Dec  1 16:09:05 2022",
  "jobs" : [
    {
      "jobname" : "qd32",
      "groupid" : 0,
      "error" : 0,
      "eta" : 0,
      "elapsed" : 41,
      "job options" : {
        "name" : "qd32",
        "rw" : "write",
        "direct" : "1",
        "group_reporting" : "1",
        "thread" : "1",
        "time_based" : "1",
        "runtime" : "30s",
        "ramp_time" : "10s",
        "numa_cpu_nodes" : "0",
        "numa_mem_policy" : "bind:0",
        "size" : "40G",
        "ioengine" : "spdk",
        "filename" : "trtype=PCIe traddr=0000.04.00.0 ns=1",
        "bs" : "1024",
        "iodepth" : "32"
      },
      "read" : {
        "io_bytes" : 0,
        "io_kbytes" : 0,
        "bw_bytes" : 0,
        "bw" : 0,
        "iops" : 0.000000,
        "runtime" : 0,
        "total_ios" : 0,
        "short_ios" : 0,
        "drop_ios" : 0,
        "slat_ns" : {
          "min" : 0,
          "max" : 0,
          "mean" : 0.000000,
          "stddev" : 0.000000,
          "N" : 0
        },
        "clat_ns" : {
          "min" : 0,
          "max" : 0,
          "mean" : 0.000000,
          "stddev" : 0.000000,
          "N" : 0
        },
        "lat_ns" : {
          "min" : 0,
          "max" : 0,
          "mean" : 0.000000,
          "stddev" : 0.000000,
          "N" : 0
        },
        "bw_min" : 0,
        "bw_max" : 0,
        "bw_agg" : 0.000000,
        "bw_mean" : 0.000000,
        "bw_dev" : 0.000000,
        "bw_samples" : 0,
        "iops_min" : 0,
        "iops_max" : 0,
        "iops_mean" : 0.000000,
        "iops_stddev" : 0.000000,
        "iops_samples" : 0
      },
      "write" : {
        "io_bytes" : 3721162752,
        "io_kbytes" : 3633948,
        "bw_bytes" : 124034623,
        "bw" : 121127,
        "iops" : 121126.529116,
        "runtime" : 30001,
        "total_ios" : 3633917,
        "short_ios" : 0,
        "drop_ios" : 0,
        "slat_ns" : {
          "min" : 126,
          "max" : 15780,
          "mean" : 137.516390,
          "stddev" : 70.737508,
          "N" : 3633917
        },
        "clat_ns" : {
          "min" : 248005,
          "max" : 512176,
          "mean" : 263782.896164,
          "stddev" : 752.267507,
          "N" : 3633948,
          "percentile" : {
            "1.000000" : 264192,
            "5.000000" : 264192,
            "10.000000" : 264192,
            "20.000000" : 264192,
            "30.000000" : 264192,
            "40.000000" : 264192,
            "50.000000" : 264192,
            "60.000000" : 264192,
            "70.000000" : 264192,
            "80.000000" : 264192,
            "90.000000" : 264192,
            "95.000000" : 264192,
            "99.000000" : 264192,
            "99.500000" : 264192,
            "99.900000" : 272384,
            "99.950000" : 276480,
            "99.990000" : 276480
          }
        },
        "lat_ns" : {
          "min" : 248165,
          "max" : 512327,
          "mean" : 263920.412519,
          "stddev" : 748.826012,
          "N" : 3633948
        },
        "bw_min" : 121156,
        "bw_max" : 121198,
        "bw_agg" : 100.000000,
        "bw_mean" : 121175.666667,
        "bw_dev" : 8.769490,
        "bw_samples" : 60,
        "iops_min" : 121156,
        "iops_max" : 121198,
        "iops_mean" : 121175.633333,
        "iops_stddev" : 8.970699,
        "iops_samples" : 60
      },
      "trim" : {
        "io_bytes" : 0,
        "io_kbytes" : 0,
        "bw_bytes" : 0,
        "bw" : 0,
        "iops" : 0.000000,
        "runtime" : 0,
        "total_ios" : 0,
        "short_ios" : 0,
        "drop_ios" : 0,
        "slat_ns" : {
          "min" : 0,
          "max" : 0,
          "mean" : 0.000000,
          "stddev" : 0.000000,
          "N" : 0
        },
        "clat_ns" : {
          "min" : 0,
          "max" : 0,
          "mean" : 0.000000,
          "stddev" : 0.000000,
          "N" : 0
        },
        "lat_ns" : {
          "min" : 0,
          "max" : 0,
          "mean" : 0.000000,
          "stddev" : 0.000000,
          "N" : 0
        },
        "bw_min" : 0,
        "bw_max" : 0,
        "bw_agg" : 0.000000,
        "bw_mean" : 0.000000,
        "bw_dev" : 0.000000,
        "bw_samples" : 0,
        "iops_min" : 0,
        "iops_max" : 0,
        "iops_mean" : 0.000000,
        "iops_stddev" : 0.000000,
        "iops_samples" : 0
      },
      "sync" : {
        "total_ios" : 0,
        "lat_ns" : {
          "min" : 0,
          "max" : 0,
          "mean" : 0.000000,
          "stddev" : 0.000000,
          "N" : 0
        }
      },
      "job_runtime" : 30000,
      "usr_cpu" : 100.000000,
      "sys_cpu" : 0.000000,
      "ctx" : 84,
      "majf" : 0,
      "minf" : 0,
      "iodepth_level" : {
        "1" : 0.000000,
        "2" : 0.000000,
        "4" : 0.000000,
        "8" : 0.000000,
        "16" : 0.000000,
        "32" : 100.000000,
        ">=64" : 0.000000
      },
      "iodepth_submit" : {
        "0" : 0.000000,
        "4" : 100.000000,
        "8" : 0.000000,
        "16" : 0.000000,
        "32" : 0.000000,
        "64" : 0.000000,
        ">=64" : 0.000000
      },
      "iodepth_complete" : {
        "0" : 0.000000,
        "4" : 99.999986,
        "8" : 0.000000,
        "16" : 0.000000,
        "32" : 0.100000,
        "64" : 0.000000,
        ">=64" : 0.000000
      },
      "latency_ns" : {
        "2" : 0.000000,
        "4" : 0.000000,
        "10" : 0.000000,
        "20" : 0.000000,
        "50" : 0.000000,
        "100" : 0.000000,
        "250" : 0.000000,
        "500" : 0.000000,
        "750" : 0.000000,
        "1000" : 0.000000
      },
      "latency_us" : {
        "2" : 0.000000,
        "4" : 0.000000,
        "10" : 0.000000,
        "20" : 0.000000,
        "50" : 0.000000,
        "100" : 0.000000,
        "250" : 0.021327,
        "500" : 99.979471,
        "750" : 0.010000,
        "1000" : 0.000000
      },
      "latency_ms" : {
        "2" : 0.000000,
        "4" : 0.000000,
        "10" : 0.000000,
        "20" : 0.000000,
        "50" : 0.000000,
        "100" : 0.000000,
        "250" : 0.000000,
        "500" : 0.000000,
        "750" : 0.000000,
        "1000" : 0.000000,
        "2000" : 0.000000,
        ">=2000" : 0.000000
      },
      "latency_depth" : 32,
      "latency_target" : 0,
      "latency_percentile" : 100.000000,
      "latency_window" : 0
    }
  ]
}
