{
  "fio version" : "fio-3.32",
  "timestamp" : 1673909349,
  "timestamp_ms" : 1673909349291,
  "time" : "Mon Jan 16 23:49:09 2023",
  "global options" : {
    "rw" : "read",
    "direct" : "1",
    "group_reporting" : "1",
    "thread" : "1",
    "time_based" : "1",
    "ramp_time" : "10s",
    "runtime" : "3m",
    "percentile_list" : "1:5:10:20:30:40:50:60:70:80:90:95:98:99:99.9:99.99:99.999:100",
    "numa_cpu_nodes" : "1",
    "numa_mem_policy" : "bind:1",
    "size" : "100z",
    "zonemode" : "zbd",
    "max_open_zones" : "14",
    "ioengine" : "spdk",
    "filename" : "trtype=PCIe traddr=0000.88.00.0 ns=2"
  },
  "jobs" : [
    {
      "jobname" : "qd64",
      "groupid" : 0,
      "error" : 0,
      "eta" : 0,
      "elapsed" : 191,
      "job options" : {
        "iodepth" : "64",
        "numjobs" : "4",
        "bs" : "65536",
        "offset_increment" : "100z",
        "job_max_open_zones" : "1"
      },
      "read" : {
        "io_bytes" : 589345914880,
        "io_kbytes" : 575533120,
        "bw_bytes" : 3274034837,
        "bw" : 3197299,
        "iops" : 49956.407009,
        "runtime" : 180006,
        "total_ios" : 8992453,
        "short_ios" : 0,
        "drop_ios" : 0,
        "slat_ns" : {
          "min" : 131,
          "max" : 16609,
          "mean" : 166.957050,
          "stddev" : 36.923290,
          "N" : 8992453
        },
        "clat_ns" : {
          "min" : 731561,
          "max" : 11993007,
          "mean" : 5123662.504027,
          "stddev" : 314097.975854,
          "N" : 8992705,
          "percentile" : {
            "1.000000" : 4554752,
            "5.000000" : 4685824,
            "10.000000" : 4751360,
            "20.000000" : 4882432,
            "30.000000" : 4947968,
            "40.000000" : 5013504,
            "50.000000" : 5079040,
            "60.000000" : 5144576,
            "70.000000" : 5275648,
            "80.000000" : 5341184,
            "90.000000" : 5537792,
            "95.000000" : 5668864,
            "98.000000" : 5865472,
            "99.000000" : 5996544,
            "99.900000" : 6389760,
            "99.990000" : 6782976,
            "99.999000" : 9109504,
            "100.000000" : 11993088
          }
        },
        "lat_ns" : {
          "min" : 731720,
          "max" : 11993194,
          "mean" : 5123829.461043,
          "stddev" : 314097.787117,
          "N" : 8992705
        },
        "bw_min" : 3153280,
        "bw_max" : 3210496,
        "bw_agg" : 100.000000,
        "bw_mean" : 3199149.395543,
        "bw_dev" : 1243.470249,
        "bw_samples" : 1436,
        "iops_min" : 49270,
        "iops_max" : 50164,
        "iops_mean" : 49986.576602,
        "iops_stddev" : 19.446033,
        "iops_samples" : 1436
      },
      "write" : {
        "io_bytes" : 0,
        "io_kbytes" : 0,
        "bw_bytes" : 0,
        "bw" : 0,
        "iops" : 0.000000,
        "runtime" : 0,
        "total_ios" : 0,
        "short_ios" : 0,
        "drop_ios" : 0,
        "slat_ns" : {
          "min" : 0,
          "max" : 0,
          "mean" : 0.000000,
          "stddev" : 0.000000,
          "N" : 0
        },
        "clat_ns" : {
          "min" : 0,
          "max" : 0,
          "mean" : 0.000000,
          "stddev" : 0.000000,
          "N" : 0
        },
        "lat_ns" : {
          "min" : 0,
          "max" : 0,
          "mean" : 0.000000,
          "stddev" : 0.000000,
          "N" : 0
        },
        "bw_min" : 0,
        "bw_max" : 0,
        "bw_agg" : 0.000000,
        "bw_mean" : 0.000000,
        "bw_dev" : 0.000000,
        "bw_samples" : 0,
        "iops_min" : 0,
        "iops_max" : 0,
        "iops_mean" : 0.000000,
        "iops_stddev" : 0.000000,
        "iops_samples" : 0
      },
      "trim" : {
        "io_bytes" : 0,
        "io_kbytes" : 0,
        "bw_bytes" : 0,
        "bw" : 0,
        "iops" : 0.000000,
        "runtime" : 0,
        "total_ios" : 0,
        "short_ios" : 0,
        "drop_ios" : 0,
        "slat_ns" : {
          "min" : 0,
          "max" : 0,
          "mean" : 0.000000,
          "stddev" : 0.000000,
          "N" : 0
        },
        "clat_ns" : {
          "min" : 0,
          "max" : 0,
          "mean" : 0.000000,
          "stddev" : 0.000000,
          "N" : 0
        },
        "lat_ns" : {
          "min" : 0,
          "max" : 0,
          "mean" : 0.000000,
          "stddev" : 0.000000,
          "N" : 0
        },
        "bw_min" : 0,
        "bw_max" : 0,
        "bw_agg" : 0.000000,
        "bw_mean" : 0.000000,
        "bw_dev" : 0.000000,
        "bw_samples" : 0,
        "iops_min" : 0,
        "iops_max" : 0,
        "iops_mean" : 0.000000,
        "iops_stddev" : 0.000000,
        "iops_samples" : 0
      },
      "sync" : {
        "total_ios" : 0,
        "lat_ns" : {
          "min" : 0,
          "max" : 0,
          "mean" : 0.000000,
          "stddev" : 0.000000,
          "N" : 0
        }
      },
      "job_runtime" : 720013,
      "usr_cpu" : 99.999722,
      "sys_cpu" : 0.000000,
      "ctx" : 857,
      "majf" : 0,
      "minf" : 0,
      "iodepth_level" : {
        "1" : 0.100000,
        "2" : 0.100000,
        "4" : 0.100000,
        "8" : 0.100000,
        "16" : 0.100000,
        "32" : 0.100000,
        ">=64" : 99.997198
      },
      "iodepth_submit" : {
        "0" : 0.000000,
        "4" : 100.000000,
        "8" : 0.000000,
        "16" : 0.000000,
        "32" : 0.000000,
        "64" : 0.000000,
        ">=64" : 0.000000
      },
      "iodepth_complete" : {
        "0" : 0.000000,
        "4" : 99.999956,
        "8" : 0.000000,
        "16" : 0.000000,
        "32" : 0.000000,
        "64" : 0.100000,
        ">=64" : 0.000000
      },
      "latency_ns" : {
        "2" : 0.000000,
        "4" : 0.000000,
        "10" : 0.000000,
        "20" : 0.000000,
        "50" : 0.000000,
        "100" : 0.000000,
        "250" : 0.000000,
        "500" : 0.000000,
        "750" : 0.000000,
        "1000" : 0.000000
      },
      "latency_us" : {
        "2" : 0.000000,
        "4" : 0.000000,
        "10" : 0.000000,
        "20" : 0.000000,
        "50" : 0.000000,
        "100" : 0.000000,
        "250" : 0.000000,
        "500" : 0.000000,
        "750" : 0.010000,
        "1000" : 0.010000
      },
      "latency_ms" : {
        "2" : 0.010000,
        "4" : 0.010000,
        "10" : 99.992349,
        "20" : 0.010000,
        "50" : 0.000000,
        "100" : 0.000000,
        "250" : 0.000000,
        "500" : 0.000000,
        "750" : 0.000000,
        "1000" : 0.000000,
        "2000" : 0.000000,
        ">=2000" : 0.000000
      },
      "latency_depth" : 64,
      "latency_target" : 0,
      "latency_percentile" : 100.000000,
      "latency_window" : 0
    }
  ]
}
