{
  "fio version" : "fio-3.32",
  "timestamp" : 1669907062,
  "timestamp_ms" : 1669907062169,
  "time" : "Thu Dec  1 16:04:22 2022",
  "jobs" : [
    {
      "jobname" : "qd16",
      "groupid" : 0,
      "error" : 0,
      "eta" : 0,
      "elapsed" : 41,
      "job options" : {
        "name" : "qd16",
        "rw" : "write",
        "direct" : "1",
        "group_reporting" : "1",
        "thread" : "1",
        "time_based" : "1",
        "runtime" : "30s",
        "ramp_time" : "10s",
        "numa_cpu_nodes" : "0",
        "numa_mem_policy" : "bind:0",
        "size" : "40G",
        "ioengine" : "spdk",
        "filename" : "trtype=PCIe traddr=0000.04.00.0 ns=1",
        "bs" : "4096",
        "iodepth" : "16"
      },
      "read" : {
        "io_bytes" : 0,
        "io_kbytes" : 0,
        "bw_bytes" : 0,
        "bw" : 0,
        "iops" : 0.000000,
        "runtime" : 0,
        "total_ios" : 0,
        "short_ios" : 0,
        "drop_ios" : 0,
        "slat_ns" : {
          "min" : 0,
          "max" : 0,
          "mean" : 0.000000,
          "stddev" : 0.000000,
          "N" : 0
        },
        "clat_ns" : {
          "min" : 0,
          "max" : 0,
          "mean" : 0.000000,
          "stddev" : 0.000000,
          "N" : 0
        },
        "lat_ns" : {
          "min" : 0,
          "max" : 0,
          "mean" : 0.000000,
          "stddev" : 0.000000,
          "N" : 0
        },
        "bw_min" : 0,
        "bw_max" : 0,
        "bw_agg" : 0.000000,
        "bw_mean" : 0.000000,
        "bw_dev" : 0.000000,
        "bw_samples" : 0,
        "iops_min" : 0,
        "iops_max" : 0,
        "iops_mean" : 0.000000,
        "iops_stddev" : 0.000000,
        "iops_samples" : 0
      },
      "write" : {
        "io_bytes" : 90848006144,
        "io_kbytes" : 88718756,
        "bw_bytes" : 3028165932,
        "bw" : 2957193,
        "iops" : 739297.790074,
        "runtime" : 30001,
        "total_ios" : 22179673,
        "short_ios" : 0,
        "drop_ios" : 0,
        "slat_ns" : {
          "min" : 125,
          "max" : 17683,
          "mean" : 166.429973,
          "stddev" : 81.784907,
          "N" : 22179674
        },
        "clat_ns" : {
          "min" : 10755,
          "max" : 6021101,
          "mean" : 21233.178062,
          "stddev" : 28687.916581,
          "N" : 22179688,
          "percentile" : {
            "1.000000" : 20352,
            "5.000000" : 20608,
            "10.000000" : 20608,
            "20.000000" : 20608,
            "30.000000" : 20864,
            "40.000000" : 20864,
            "50.000000" : 20864,
            "60.000000" : 20864,
            "70.000000" : 20864,
            "80.000000" : 20864,
            "90.000000" : 21120,
            "95.000000" : 23680,
            "99.000000" : 23936,
            "99.500000" : 24704,
            "99.900000" : 33024,
            "99.950000" : 35072,
            "99.990000" : 80384
          }
        },
        "lat_ns" : {
          "min" : 10976,
          "max" : 6021275,
          "mean" : 21399.608035,
          "stddev" : 28687.955459,
          "N" : 22179688
        },
        "bw_min" : 2929968,
        "bw_max" : 2982760,
        "bw_agg" : 100.000000,
        "bw_mean" : 2958391.766667,
        "bw_dev" : 13588.746494,
        "bw_samples" : 60,
        "iops_min" : 732494,
        "iops_max" : 745690,
        "iops_mean" : 739597.983333,
        "iops_stddev" : 3397.094988,
        "iops_samples" : 60
      },
      "trim" : {
        "io_bytes" : 0,
        "io_kbytes" : 0,
        "bw_bytes" : 0,
        "bw" : 0,
        "iops" : 0.000000,
        "runtime" : 0,
        "total_ios" : 0,
        "short_ios" : 0,
        "drop_ios" : 0,
        "slat_ns" : {
          "min" : 0,
          "max" : 0,
          "mean" : 0.000000,
          "stddev" : 0.000000,
          "N" : 0
        },
        "clat_ns" : {
          "min" : 0,
          "max" : 0,
          "mean" : 0.000000,
          "stddev" : 0.000000,
          "N" : 0
        },
        "lat_ns" : {
          "min" : 0,
          "max" : 0,
          "mean" : 0.000000,
          "stddev" : 0.000000,
          "N" : 0
        },
        "bw_min" : 0,
        "bw_max" : 0,
        "bw_agg" : 0.000000,
        "bw_mean" : 0.000000,
        "bw_dev" : 0.000000,
        "bw_samples" : 0,
        "iops_min" : 0,
        "iops_max" : 0,
        "iops_mean" : 0.000000,
        "iops_stddev" : 0.000000,
        "iops_samples" : 0
      },
      "sync" : {
        "total_ios" : 0,
        "lat_ns" : {
          "min" : 0,
          "max" : 0,
          "mean" : 0.000000,
          "stddev" : 0.000000,
          "N" : 0
        }
      },
      "job_runtime" : 30000,
      "usr_cpu" : 100.000000,
      "sys_cpu" : 0.000000,
      "ctx" : 68,
      "majf" : 0,
      "minf" : 0,
      "iodepth_level" : {
        "1" : 0.000000,
        "2" : 0.000000,
        "4" : 0.000000,
        "8" : 0.000000,
        "16" : 100.000000,
        "32" : 0.000000,
        ">=64" : 0.000000
      },
      "iodepth_submit" : {
        "0" : 0.000000,
        "4" : 100.000000,
        "8" : 0.000000,
        "16" : 0.000000,
        "32" : 0.000000,
        "64" : 0.000000,
        ">=64" : 0.000000
      },
      "iodepth_complete" : {
        "0" : 0.000000,
        "4" : 99.999998,
        "8" : 0.000000,
        "16" : 0.100000,
        "32" : 0.000000,
        "64" : 0.000000,
        ">=64" : 0.000000
      },
      "latency_ns" : {
        "2" : 0.000000,
        "4" : 0.000000,
        "10" : 0.000000,
        "20" : 0.000000,
        "50" : 0.000000,
        "100" : 0.000000,
        "250" : 0.000000,
        "500" : 0.000000,
        "750" : 0.000000,
        "1000" : 0.000000
      },
      "latency_us" : {
        "2" : 0.000000,
        "4" : 0.000000,
        "10" : 0.000000,
        "20" : 0.190260,
        "50" : 99.785637,
        "100" : 0.017633,
        "250" : 0.010000,
        "500" : 0.000000,
        "750" : 0.000000,
        "1000" : 0.000000
      },
      "latency_ms" : {
        "2" : 0.010000,
        "4" : 0.010000,
        "10" : 0.010000,
        "20" : 0.000000,
        "50" : 0.000000,
        "100" : 0.000000,
        "250" : 0.000000,
        "500" : 0.000000,
        "750" : 0.000000,
        "1000" : 0.000000,
        "2000" : 0.000000,
        ">=2000" : 0.000000
      },
      "latency_depth" : 16,
      "latency_target" : 0,
      "latency_percentile" : 100.000000,
      "latency_window" : 0
    }
  ]
}
