{
  "fio version" : "fio-3.32",
  "timestamp" : 1674028316,
  "timestamp_ms" : 1674028316112,
  "time" : "Wed Jan 18 08:51:56 2023",
  "global options" : {
    "direct" : "1",
    "thread" : "1",
    "time_based" : "1",
    "ramp_time" : "10s",
    "runtime" : "1m",
    "percentile_list" : "1:5:10:20:30:40:50:60:70:80:90:95:98:99:99.9:99.99:99.999:100",
    "numa_cpu_nodes" : "1",
    "numa_mem_policy" : "bind:1",
    "zonemode" : "zbd",
    "max_open_zones" : "14",
    "ioengine" : "spdk",
    "filename" : "trtype=PCIe traddr=0000.88.00.0 ns=2"
  },
  "jobs" : [
    {
      "jobname" : "read_4096",
      "groupid" : 0,
      "error" : 0,
      "eta" : 0,
      "elapsed" : 71,
      "job options" : {
        "iodepth" : "1",
        "bs" : "4096",
        "rw" : "randread",
        "norandommap" : "1",
        "size" : "1z",
        "flow" : "50"
      },
      "read" : {
        "io_bytes" : 3131179008,
        "io_kbytes" : 3057792,
        "bw_bytes" : 52185447,
        "bw" : 50962,
        "iops" : 12740.587657,
        "runtime" : 60001,
        "total_ios" : 764448,
        "short_ios" : 0,
        "drop_ios" : 0,
        "slat_ns" : {
          "min" : 124,
          "max" : 10634,
          "mean" : 148.412160,
          "stddev" : 25.069230,
          "N" : 764448
        },
        "clat_ns" : {
          "min" : 23050,
          "max" : 1080545,
          "mean" : 77765.242121,
          "stddev" : 27381.159724,
          "N" : 764448,
          "percentile" : {
            "1.000000" : 67072,
            "5.000000" : 67072,
            "10.000000" : 67072,
            "20.000000" : 68096,
            "30.000000" : 68096,
            "40.000000" : 68096,
            "50.000000" : 69120,
            "60.000000" : 69120,
            "70.000000" : 80384,
            "80.000000" : 80384,
            "90.000000" : 81408,
            "95.000000" : 85504,
            "98.000000" : 179200,
            "99.000000" : 218112,
            "99.900000" : 370688,
            "99.990000" : 528384,
            "99.999000" : 897024,
            "100.000000" : 1073152
          }
        },
        "lat_ns" : {
          "min" : 23196,
          "max" : 1080681,
          "mean" : 77913.654281,
          "stddev" : 27381.170492,
          "N" : 764448
        },
        "bw_min" : 48688,
        "bw_max" : 51704,
        "bw_agg" : 100.000000,
        "bw_mean" : 50981.588235,
        "bw_dev" : 433.160310,
        "bw_samples" : 119,
        "iops_min" : 12172,
        "iops_max" : 12926,
        "iops_mean" : 12745.327731,
        "iops_stddev" : 108.287213,
        "iops_samples" : 119
      },
      "write" : {
        "io_bytes" : 0,
        "io_kbytes" : 0,
        "bw_bytes" : 0,
        "bw" : 0,
        "iops" : 0.000000,
        "runtime" : 0,
        "total_ios" : 0,
        "short_ios" : 0,
        "drop_ios" : 0,
        "slat_ns" : {
          "min" : 0,
          "max" : 0,
          "mean" : 0.000000,
          "stddev" : 0.000000,
          "N" : 0
        },
        "clat_ns" : {
          "min" : 0,
          "max" : 0,
          "mean" : 0.000000,
          "stddev" : 0.000000,
          "N" : 0
        },
        "lat_ns" : {
          "min" : 0,
          "max" : 0,
          "mean" : 0.000000,
          "stddev" : 0.000000,
          "N" : 0
        },
        "bw_min" : 0,
        "bw_max" : 0,
        "bw_agg" : 0.000000,
        "bw_mean" : 0.000000,
        "bw_dev" : 0.000000,
        "bw_samples" : 0,
        "iops_min" : 0,
        "iops_max" : 0,
        "iops_mean" : 0.000000,
        "iops_stddev" : 0.000000,
        "iops_samples" : 0
      },
      "trim" : {
        "io_bytes" : 0,
        "io_kbytes" : 0,
        "bw_bytes" : 0,
        "bw" : 0,
        "iops" : 0.000000,
        "runtime" : 0,
        "total_ios" : 0,
        "short_ios" : 0,
        "drop_ios" : 0,
        "slat_ns" : {
          "min" : 0,
          "max" : 0,
          "mean" : 0.000000,
          "stddev" : 0.000000,
          "N" : 0
        },
        "clat_ns" : {
          "min" : 0,
          "max" : 0,
          "mean" : 0.000000,
          "stddev" : 0.000000,
          "N" : 0
        },
        "lat_ns" : {
          "min" : 0,
          "max" : 0,
          "mean" : 0.000000,
          "stddev" : 0.000000,
          "N" : 0
        },
        "bw_min" : 0,
        "bw_max" : 0,
        "bw_agg" : 0.000000,
        "bw_mean" : 0.000000,
        "bw_dev" : 0.000000,
        "bw_samples" : 0,
        "iops_min" : 0,
        "iops_max" : 0,
        "iops_mean" : 0.000000,
        "iops_stddev" : 0.000000,
        "iops_samples" : 0
      },
      "sync" : {
        "total_ios" : 0,
        "lat_ns" : {
          "min" : 0,
          "max" : 0,
          "mean" : 0.000000,
          "stddev" : 0.000000,
          "N" : 0
        }
      },
      "job_runtime" : 60000,
      "usr_cpu" : 100.000000,
      "sys_cpu" : 0.000000,
      "ctx" : 48,
      "majf" : 0,
      "minf" : 0,
      "iodepth_level" : {
        "1" : 100.000000,
        "2" : 0.000000,
        "4" : 0.000000,
        "8" : 0.000000,
        "16" : 0.000000,
        "32" : 0.000000,
        ">=64" : 0.000000
      },
      "iodepth_submit" : {
        "0" : 0.000000,
        "4" : 100.000000,
        "8" : 0.000000,
        "16" : 0.000000,
        "32" : 0.000000,
        "64" : 0.000000,
        ">=64" : 0.000000
      },
      "iodepth_complete" : {
        "0" : 0.000000,
        "4" : 100.000000,
        "8" : 0.000000,
        "16" : 0.000000,
        "32" : 0.000000,
        "64" : 0.000000,
        ">=64" : 0.000000
      },
      "latency_ns" : {
        "2" : 0.000000,
        "4" : 0.000000,
        "10" : 0.000000,
        "20" : 0.000000,
        "50" : 0.000000,
        "100" : 0.000000,
        "250" : 0.000000,
        "500" : 0.000000,
        "750" : 0.000000,
        "1000" : 0.000000
      },
      "latency_us" : {
        "2" : 0.000000,
        "4" : 0.000000,
        "10" : 0.000000,
        "20" : 0.000000,
        "50" : 0.081758,
        "100" : 95.112159,
        "250" : 4.388919,
        "500" : 0.404998,
        "750" : 0.010334,
        "1000" : 0.010000
      },
      "latency_ms" : {
        "2" : 0.010000,
        "4" : 0.000000,
        "10" : 0.000000,
        "20" : 0.000000,
        "50" : 0.000000,
        "100" : 0.000000,
        "250" : 0.000000,
        "500" : 0.000000,
        "750" : 0.000000,
        "1000" : 0.000000,
        "2000" : 0.000000,
        ">=2000" : 0.000000
      },
      "latency_depth" : 1,
      "latency_target" : 0,
      "latency_percentile" : 100.000000,
      "latency_window" : 0
    },
    {
      "jobname" : "write_16_4096",
      "groupid" : 0,
      "error" : 0,
      "eta" : 0,
      "elapsed" : 71,
      "job options" : {
        "iodepth" : "16",
        "bs" : "4096",
        "rw" : "write",
        "size" : "1z",
        "offset" : "200z",
        "flow" : "50",
        "zone_append" : "1"
      },
      "read" : {
        "io_bytes" : 0,
        "io_kbytes" : 0,
        "bw_bytes" : 0,
        "bw" : 0,
        "iops" : 0.000000,
        "runtime" : 0,
        "total_ios" : 0,
        "short_ios" : 0,
        "drop_ios" : 0,
        "slat_ns" : {
          "min" : 0,
          "max" : 0,
          "mean" : 0.000000,
          "stddev" : 0.000000,
          "N" : 0
        },
        "clat_ns" : {
          "min" : 0,
          "max" : 0,
          "mean" : 0.000000,
          "stddev" : 0.000000,
          "N" : 0
        },
        "lat_ns" : {
          "min" : 0,
          "max" : 0,
          "mean" : 0.000000,
          "stddev" : 0.000000,
          "N" : 0
        },
        "bw_min" : 0,
        "bw_max" : 0,
        "bw_agg" : 0.000000,
        "bw_mean" : 0.000000,
        "bw_dev" : 0.000000,
        "bw_samples" : 0,
        "iops_min" : 0,
        "iops_max" : 0,
        "iops_mean" : 0.000000,
        "iops_stddev" : 0.000000,
        "iops_samples" : 0
      },