{
  "fio version" : "fio-3.32",
  "timestamp" : 1673876735,
  "timestamp_ms" : 1673876735883,
  "time" : "Mon Jan 16 14:45:35 2023",
  "global options" : {
    "rw" : "read",
    "direct" : "1",
    "group_reporting" : "1",
    "thread" : "1",
    "time_based" : "1",
    "ramp_time" : "10s",
    "runtime" : "3m",
    "percentile_list" : "1:5:10:20:30:40:50:60:70:80:90:95:98:99:99.9:99.99:99.999:100",
    "numa_cpu_nodes" : "1",
    "numa_mem_policy" : "bind:1",
    "size" : "100z",
    "zonemode" : "zbd",
    "max_open_zones" : "14",
    "ioengine" : "spdk",
    "filename" : "trtype=PCIe traddr=0000.88.00.0 ns=2"
  },
  "jobs" : [
    {
      "jobname" : "qd8",
      "groupid" : 0,
      "error" : 0,
      "eta" : 0,
      "elapsed" : 191,
      "job options" : {
        "iodepth" : "8",
        "numjobs" : "8",
        "bs" : "4096",
        "offset_increment" : "100z",
        "job_max_open_zones" : "1"
      },
      "read" : {
        "io_bytes" : 196264271872,
        "io_kbytes" : 191664328,
        "bw_bytes" : 1090351008,
        "bw" : 1064795,
        "iops" : 266198.665563,
        "runtime" : 180001,
        "total_ios" : 47916026,
        "short_ios" : 0,
        "drop_ios" : 0,
        "slat_ns" : {
          "min" : 134,
          "max" : 28122,
          "mean" : 165.180750,
          "stddev" : 33.988372,
          "N" : 47916026
        },
        "clat_ns" : {
          "min" : 22889,
          "max" : 2344074,
          "mean" : 239892.500819,
          "stddev" : 177701.247899,
          "N" : 47916082,
          "percentile" : {
            "1.000000" : 40192,
            "5.000000" : 69120,
            "10.000000" : 75264,
            "20.000000" : 111104,
            "30.000000" : 142336,
            "40.000000" : 189440,
            "50.000000" : 222208,
            "60.000000" : 234496,
            "70.000000" : 244736,
            "80.000000" : 264192,
            "90.000000" : 460800,
            "95.000000" : 626688,
            "98.000000" : 806912,
            "99.000000" : 937984,
            "99.900000" : 1335296,
            "99.990000" : 1695744,
            "99.999000" : 2007040,
            "100.000000" : 2342912
          }
        },
        "lat_ns" : {
          "min" : 23077,
          "max" : 2344240,
          "mean" : 240057.681575,
          "stddev" : 177701.993476,
          "N" : 47916082
        },
        "bw_min" : 973416,
        "bw_max" : 1142485,
        "bw_agg" : 100.000000,
        "bw_mean" : 1065087.962906,
        "bw_dev" : 3655.892762,
        "bw_samples" : 2876,
        "iops_min" : 243354,
        "iops_max" : 285621,
        "iops_mean" : 266271.605463,
        "iops_stddev" : 913.969636,
        "iops_samples" : 2876
      },
      "write" : {
        "io_bytes" : 0,
        "io_kbytes" : 0,
        "bw_bytes" : 0,
        "bw" : 0,
        "iops" : 0.000000,
        "runtime" : 0,
        "total_ios" : 0,
        "short_ios" : 0,
        "drop_ios" : 0,
        "slat_ns" : {
          "min" : 0,
          "max" : 0,
          "mean" : 0.000000,
          "stddev" : 0.000000,
          "N" : 0
        },
        "clat_ns" : {
          "min" : 0,
          "max" : 0,
          "mean" : 0.000000,
          "stddev" : 0.000000,
          "N" : 0
        },
        "lat_ns" : {
          "min" : 0,
          "max" : 0,
          "mean" : 0.000000,
          "stddev" : 0.000000,
          "N" : 0
        },
        "bw_min" : 0,
        "bw_max" : 0,
        "bw_agg" : 0.000000,
        "bw_mean" : 0.000000,
        "bw_dev" : 0.000000,
        "bw_samples" : 0,
        "iops_min" : 0,
        "iops_max" : 0,
        "iops_mean" : 0.000000,
        "iops_stddev" : 0.000000,
        "iops_samples" : 0
      },
      "trim" : {
        "io_bytes" : 0,
        "io_kbytes" : 0,
        "bw_bytes" : 0,
        "bw" : 0,
        "iops" : 0.000000,
        "runtime" : 0,
        "total_ios" : 0,
        "short_ios" : 0,
        "drop_ios" : 0,
        "slat_ns" : {
          "min" : 0,
          "max" : 0,
          "mean" : 0.000000,
          "stddev" : 0.000000,
          "N" : 0
        },
        "clat_ns" : {
          "min" : 0,
          "max" : 0,
          "mean" : 0.000000,
          "stddev" : 0.000000,
          "N" : 0
        },
        "lat_ns" : {
          "min" : 0,
          "max" : 0,
          "mean" : 0.000000,
          "stddev" : 0.000000,
          "N" : 0
        },
        "bw_min" : 0,
        "bw_max" : 0,
        "bw_agg" : 0.000000,
        "bw_mean" : 0.000000,
        "bw_dev" : 0.000000,
        "bw_samples" : 0,
        "iops_min" : 0,
        "iops_max" : 0,
        "iops_mean" : 0.000000,
        "iops_stddev" : 0.000000,
        "iops_samples" : 0
      },
      "sync" : {
        "total_ios" : 0,
        "lat_ns" : {
          "min" : 0,
          "max" : 0,
          "mean" : 0.000000,
          "stddev" : 0.000000,
          "N" : 0
        }
      },
      "job_runtime" : 1440000,
      "usr_cpu" : 99.999792,
      "sys_cpu" : 0.000000,
      "ctx" : 1142,
      "majf" : 0,
      "minf" : 0,
      "iodepth_level" : {
        "1" : 0.000000,
        "2" : 0.000000,
        "4" : 0.000000,
        "8" : 100.000000,
        "16" : 0.000000,
        "32" : 0.000000,
        ">=64" : 0.000000
      },
      "iodepth_submit" : {
        "0" : 0.000000,
        "4" : 100.000000,
        "8" : 0.000000,
        "16" : 0.000000,
        "32" : 0.000000,
        "64" : 0.000000,
        ">=64" : 0.000000
      },
      "iodepth_complete" : {
        "0" : 0.000000,
        "4" : 99.999992,
        "8" : 0.100000,
        "16" : 0.000000,
        "32" : 0.000000,
        "64" : 0.000000,
        ">=64" : 0.000000
      },
      "latency_ns" : {
        "2" : 0.000000,
        "4" : 0.000000,
        "10" : 0.000000,
        "20" : 0.000000,
        "50" : 0.000000,
        "100" : 0.000000,
        "250" : 0.000000,
        "500" : 0.000000,
        "750" : 0.000000,
        "1000" : 0.000000
      },
      "latency_us" : {
        "2" : 0.000000,
        "4" : 0.000000,
        "10" : 0.000000,
        "20" : 0.000000,
        "50" : 1.341601,
        "100" : 13.957362,
        "250" : 58.386267,
        "500" : 17.790121,
        "750" : 5.818936,
        "1000" : 1.983121
      },
      "latency_ms" : {
        "2" : 0.721650,
        "4" : 0.010000,
        "10" : 0.000000,
        "20" : 0.000000,
        "50" : 0.000000,
        "100" : 0.000000,
        "250" : 0.000000,
        "500" : 0.000000,
        "750" : 0.000000,
        "1000" : 0.000000,
        "2000" : 0.000000,
        ">=2000" : 0.000000
      },
      "latency_depth" : 8,
      "latency_target" : 0,
      "latency_percentile" : 100.000000,
      "latency_window" : 0
    }
  ]
}
