{
  "fio version" : "fio-3.32",
  "timestamp" : 1670952125,
  "timestamp_ms" : 1670952125566,
  "time" : "Tue Dec 13 18:22:05 2022",
  "global options" : {
    "rw" : "write",
    "direct" : "1",
    "group_reporting" : "1",
    "filename" : "trtype=PCIe traddr=0000.88.00.0 ns=1",
    "bs" : "131072",
    "size" : "2G",
    "time_based" : "1",
    "iodepth" : "32",
    "numjobs" : "1",
    "ramp_time" : "10s",
    "runtime" : "30s",
    "numa_cpu_nodes" : "1",
    "numa_mem_policy" : "bind:1",
    "thread" : "1"
  },
  "jobs" : [
    {
      "jobname" : "seqzns",
      "groupid" : 0,
      "error" : 0,
      "eta" : 0,
      "elapsed" : 41,
      "job options" : {
        "name" : "seqzns",
        "ioengine" : "spdk"
      },
      "read" : {
        "io_bytes" : 0,
        "io_kbytes" : 0,
        "bw_bytes" : 0,
        "bw" : 0,
        "iops" : 0.000000,
        "runtime" : 0,
        "total_ios" : 0,
        "short_ios" : 0,
        "drop_ios" : 0,
        "slat_ns" : {
          "min" : 0,
          "max" : 0,
          "mean" : 0.000000,
          "stddev" : 0.000000,
          "N" : 0
        },
        "clat_ns" : {
          "min" : 0,
          "max" : 0,
          "mean" : 0.000000,
          "stddev" : 0.000000,
          "N" : 0
        },
        "lat_ns" : {
          "min" : 0,
          "max" : 0,
          "mean" : 0.000000,
          "stddev" : 0.000000,
          "N" : 0
        },
        "bw_min" : 0,
        "bw_max" : 0,
        "bw_agg" : 0.000000,
        "bw_mean" : 0.000000,
        "bw_dev" : 0.000000,
        "bw_samples" : 0,
        "iops_min" : 0,
        "iops_max" : 0,
        "iops_mean" : 0.000000,
        "iops_stddev" : 0.000000,
        "iops_samples" : 0
      },
      "write" : {
        "io_bytes" : 36771201024,
        "io_kbytes" : 35909376,
        "bw_bytes" : 1225543295,
        "bw" : 1196819,
        "iops" : 9349.120117,
        "runtime" : 30004,
        "total_ios" : 280511,
        "short_ios" : 0,
        "drop_ios" : 0,
        "slat_ns" : {
          "min" : 1194,
          "max" : 36227,
          "mean" : 3118.749051,
          "stddev" : 902.114417,
          "N" : 280511
        },
        "clat_ns" : {
          "min" : 675419,
          "max" : 9230300,
          "mean" : 3419128.009810,
          "stddev" : 1133380.832419,
          "N" : 280542,
          "percentile" : {
            "1.000000" : 1187840,
            "5.000000" : 1892352,
            "10.000000" : 2088960,
            "20.000000" : 2310144,
            "30.000000" : 2572288,
            "40.000000" : 2867200,
            "50.000000" : 3325952,
            "60.000000" : 3883008,
            "70.000000" : 4292608,
            "80.000000" : 4554752,
            "90.000000" : 4751360,
            "95.000000" : 4947968,
            "99.000000" : 6586368,
            "99.500000" : 7110656,
            "99.900000" : 7503872,
            "99.950000" : 7634944,
            "99.990000" : 8093696
          }
        },
        "lat_ns" : {
          "min" : 678270,
          "max" : 9233450,
          "mean" : 3422246.791236,
          "stddev" : 1133377.503214,
          "N" : 280542
        },
        "bw_min" : 1168384,
        "bw_max" : 1212416,
        "bw_agg" : 100.000000,
        "bw_mean" : 1197162.233333,
        "bw_dev" : 8350.278238,
        "bw_samples" : 60,
        "iops_min" : 9128,
        "iops_max" : 9472,
        "iops_mean" : 9352.733333,
        "iops_stddev" : 65.209926,
        "iops_samples" : 60
      },
      "trim" : {
        "io_bytes" : 0,
        "io_kbytes" : 0,
        "bw_bytes" : 0,
        "bw" : 0,
        "iops" : 0.000000,
        "runtime" : 0,
        "total_ios" : 0,
        "short_ios" : 0,
        "drop_ios" : 0,
        "slat_ns" : {
          "min" : 0,
          "max" : 0,
          "mean" : 0.000000,
          "stddev" : 0.000000,
          "N" : 0
        },
        "clat_ns" : {
          "min" : 0,
          "max" : 0,
          "mean" : 0.000000,
          "stddev" : 0.000000,
          "N" : 0
        },
        "lat_ns" : {
          "min" : 0,
          "max" : 0,
          "mean" : 0.000000,
          "stddev" : 0.000000,
          "N" : 0
        },
        "bw_min" : 0,
        "bw_max" : 0,
        "bw_agg" : 0.000000,
        "bw_mean" : 0.000000,
        "bw_dev" : 0.000000,
        "bw_samples" : 0,
        "iops_min" : 0,
        "iops_max" : 0,
        "iops_mean" : 0.000000,
        "iops_stddev" : 0.000000,
        "iops_samples" : 0
      },
      "sync" : {
        "total_ios" : 0,
        "lat_ns" : {
          "min" : 0,
          "max" : 0,
          "mean" : 0.000000,
          "stddev" : 0.000000,
          "N" : 0
        }
      },
      "job_runtime" : 30003,
      "usr_cpu" : 100.003333,
      "sys_cpu" : 0.000000,
      "ctx" : 28,
      "majf" : 0,
      "minf" : 0,
      "iodepth_level" : {
        "1" : 0.000000,
        "2" : 0.000000,
        "4" : 0.000000,
        "8" : 0.000000,
        "16" : 0.000000,
        "32" : 100.000000,
        ">=64" : 0.000000
      },
      "iodepth_submit" : {
        "0" : 0.000000,
        "4" : 100.000000,
        "8" : 0.000000,
        "16" : 0.000000,
        "32" : 0.000000,
        "64" : 0.000000,
        ">=64" : 0.000000
      },
      "iodepth_complete" : {
        "0" : 0.000000,
        "4" : 99.999822,
        "8" : 0.000000,
        "16" : 0.000000,
        "32" : 0.100000,
        "64" : 0.000000,
        ">=64" : 0.000000
      },
      "latency_ns" : {
        "2" : 0.000000,
        "4" : 0.000000,
        "10" : 0.000000,
        "20" : 0.000000,
        "50" : 0.000000,
        "100" : 0.000000,
        "250" : 0.000000,
        "500" : 0.000000,
        "750" : 0.000000,
        "1000" : 0.000000
      },
      "latency_us" : {
        "2" : 0.000000,
        "4" : 0.000000,
        "10" : 0.000000,
        "20" : 0.000000,
        "50" : 0.000000,
        "100" : 0.000000,
        "250" : 0.000000,
        "500" : 0.000000,
        "750" : 0.033154,
        "1000" : 0.443476
      },
      "latency_ms" : {
        "2" : 6.627191,
        "4" : 55.741130,
        "10" : 37.166100,
        "20" : 0.000000,
        "50" : 0.000000,
        "100" : 0.000000,
        "250" : 0.000000,
        "500" : 0.000000,
        "750" : 0.000000,
        "1000" : 0.000000,
        "2000" : 0.000000,
        ">=2000" : 0.000000
      },
      "latency_depth" : 32,
      "latency_target" : 0,
      "latency_percentile" : 100.000000,
      "latency_window" : 0
    }
  ]
}
