{
  "fio version" : "fio-3.32",
  "timestamp" : 1669830256,
  "timestamp_ms" : 1669830256191,
  "time" : "Wed Nov 30 18:44:16 2022",
  "jobs" : [
    {
      "jobname" : "qd32",
      "groupid" : 0,
      "error" : 0,
      "eta" : 0,
      "elapsed" : 41,
      "job options" : {
        "name" : "qd32",
        "rw" : "write",
        "direct" : "1",
        "group_reporting" : "1",
        "thread" : "1",
        "time_based" : "1",
        "runtime" : "30s",
        "ramp_time" : "10s",
        "numa_cpu_nodes" : "1",
        "numa_mem_policy" : "bind:1",
        "size" : "40G",
        "ioengine" : "spdk",
        "filename" : "trtype=PCIe traddr=0000.87.00.0 ns=1",
        "bs" : "131072",
        "iodepth" : "32"
      },
      "read" : {
        "io_bytes" : 0,
        "io_kbytes" : 0,
        "bw_bytes" : 0,
        "bw" : 0,
        "iops" : 0.000000,
        "runtime" : 0,
        "total_ios" : 0,
        "short_ios" : 0,
        "drop_ios" : 0,
        "slat_ns" : {
          "min" : 0,
          "max" : 0,
          "mean" : 0.000000,
          "stddev" : 0.000000,
          "N" : 0
        },
        "clat_ns" : {
          "min" : 0,
          "max" : 0,
          "mean" : 0.000000,
          "stddev" : 0.000000,
          "N" : 0
        },
        "lat_ns" : {
          "min" : 0,
          "max" : 0,
          "mean" : 0.000000,
          "stddev" : 0.000000,
          "N" : 0
        },
        "bw_min" : 0,
        "bw_max" : 0,
        "bw_agg" : 0.000000,
        "bw_mean" : 0.000000,
        "bw_dev" : 0.000000,
        "bw_samples" : 0,
        "iops_min" : 0,
        "iops_max" : 0,
        "iops_mean" : 0.000000,
        "iops_stddev" : 0.000000,
        "iops_samples" : 0
      },
      "write" : {
        "io_bytes" : 37507301376,
        "io_kbytes" : 36628224,
        "bw_bytes" : 1250076702,
        "bw" : 1220778,
        "iops" : 9536.295161,
        "runtime" : 30004,
        "total_ios" : 286127,
        "short_ios" : 0,
        "drop_ios" : 0,
        "slat_ns" : {
          "min" : 1247,
          "max" : 18432,
          "mean" : 2850.535430,
          "stddev" : 791.549775,
          "N" : 286127
        },
        "clat_ns" : {
          "min" : 641310,
          "max" : 8957910,
          "mean" : 3352281.076758,
          "stddev" : 1114128.109228,
          "N" : 286158,
          "percentile" : {
            "1.000000" : 1044480,
            "5.000000" : 1859584,
            "10.000000" : 2072576,
            "20.000000" : 2310144,
            "30.000000" : 2539520,
            "40.000000" : 2834432,
            "50.000000" : 3194880,
            "60.000000" : 3751936,
            "70.000000" : 4177920,
            "80.000000" : 4489216,
            "90.000000" : 4685824,
            "95.000000" : 4816896,
            "99.000000" : 6389760,
            "99.500000" : 6979584,
            "99.900000" : 7372800,
            "99.950000" : 7569408,
            "99.990000" : 8290304
          }
        },
        "lat_ns" : {
          "min" : 643022,
          "max" : 8960392,
          "mean" : 3355131.588951,
          "stddev" : 1114126.088001,
          "N" : 286158
        },
        "bw_min" : 1181184,
        "bw_max" : 1240064,
        "bw_agg" : 100.000000,
        "bw_mean" : 1221129.633333,
        "bw_dev" : 12815.990209,
        "bw_samples" : 60,
        "iops_min" : 9228,
        "iops_max" : 9688,
        "iops_mean" : 9540.016667,
        "iops_stddev" : 100.153186,
        "iops_samples" : 60
      },
      "trim" : {
        "io_bytes" : 0,
        "io_kbytes" : 0,
        "bw_bytes" : 0,
        "bw" : 0,
        "iops" : 0.000000,
        "runtime" : 0,
        "total_ios" : 0,
        "short_ios" : 0,
        "drop_ios" : 0,
        "slat_ns" : {
          "min" : 0,
          "max" : 0,
          "mean" : 0.000000,
          "stddev" : 0.000000,
          "N" : 0
        },
        "clat_ns" : {
          "min" : 0,
          "max" : 0,
          "mean" : 0.000000,
          "stddev" : 0.000000,
          "N" : 0
        },
        "lat_ns" : {
          "min" : 0,
          "max" : 0,
          "mean" : 0.000000,
          "stddev" : 0.000000,
          "N" : 0
        },
        "bw_min" : 0,
        "bw_max" : 0,
        "bw_agg" : 0.000000,
        "bw_mean" : 0.000000,
        "bw_dev" : 0.000000,
        "bw_samples" : 0,
        "iops_min" : 0,
        "iops_max" : 0,
        "iops_mean" : 0.000000,
        "iops_stddev" : 0.000000,
        "iops_samples" : 0
      },
      "sync" : {
        "total_ios" : 0,
        "lat_ns" : {
          "min" : 0,
          "max" : 0,
          "mean" : 0.000000,
          "stddev" : 0.000000,
          "N" : 0
        }
      },
      "job_runtime" : 30003,
      "usr_cpu" : 100.000000,
      "sys_cpu" : 0.000000,
      "ctx" : 46,
      "majf" : 0,
      "minf" : 0,
      "iodepth_level" : {
        "1" : 0.000000,
        "2" : 0.000000,
        "4" : 0.000000,
        "8" : 0.000000,
        "16" : 0.000000,
        "32" : 100.000000,
        ">=64" : 0.000000
      },
      "iodepth_submit" : {
        "0" : 0.000000,
        "4" : 100.000000,
        "8" : 0.000000,
        "16" : 0.000000,
        "32" : 0.000000,
        "64" : 0.000000,
        ">=64" : 0.000000
      },
      "iodepth_complete" : {
        "0" : 0.000000,
        "4" : 99.999825,
        "8" : 0.000000,
        "16" : 0.000000,
        "32" : 0.100000,
        "64" : 0.000000,
        ">=64" : 0.000000
      },
      "latency_ns" : {
        "2" : 0.000000,
        "4" : 0.000000,
        "10" : 0.000000,
        "20" : 0.000000,
        "50" : 0.000000,
        "100" : 0.000000,
        "250" : 0.000000,
        "500" : 0.000000,
        "750" : 0.000000,
        "1000" : 0.000000
      },
      "latency_us" : {
        "2" : 0.000000,
        "4" : 0.000000,
        "10" : 0.000000,
        "20" : 0.000000,
        "50" : 0.000000,
        "100" : 0.000000,
        "250" : 0.000000,
        "500" : 0.000000,
        "750" : 0.066055,
        "1000" : 0.781821
      },
      "latency_ms" : {
        "2" : 6.650543,
        "4" : 57.840749,
        "10" : 34.671667,
        "20" : 0.000000,
        "50" : 0.000000,
        "100" : 0.000000,
        "250" : 0.000000,
        "500" : 0.000000,
        "750" : 0.000000,
        "1000" : 0.000000,
        "2000" : 0.000000,
        ">=2000" : 0.000000
      },
      "latency_depth" : 32,
      "latency_target" : 0,
      "latency_percentile" : 100.000000,
      "latency_window" : 0
    }
  ]
}
