{
  "fio version" : "fio-3.32",
  "timestamp" : 1675204798,
  "timestamp_ms" : 1675204798149,
  "time" : "Tue Jan 31 22:39:58 2023",
  "global options" : {
    "ioengine" : "spdk",
    "thread" : "1",
    "filename" : "trtype=PCIe traddr=0000.af.00.0 ns=1",
    "direct" : "1",
    "time_based" : "1",
    "ramp_time" : "5s",
    "runtime" : "20m",
    "lat_percentiles" : "1",
    "write_bw_log" : "./long/log_2_0",
    "log_avg_msec" : "1000",
    "group_reporting" : "1"
  },
  "jobs" : [
    {
      "jobname" : "read",
      "groupid" : 0,
      "error" : 0,
      "eta" : 0,
      "elapsed" : 1206,
      "job options" : {
        "name" : "read",
        "rw" : "randread",
        "bs" : "4k",
        "iodepth" : "2",
        "size" : "100G",
        "offset" : "0"
      },
      "read" : {
        "io_bytes" : 132962521088,
        "io_kbytes" : 129846212,
        "bw_bytes" : 110802008,
        "bw" : 108205,
        "iops" : 27051.270791,
        "runtime" : 1200001,
        "total_ios" : 32461552,
        "short_ios" : 0,
        "drop_ios" : 0,
        "slat_ns" : {
          "min" : 152,
          "max" : 18291,
          "mean" : 176.063415,
          "stddev" : 25.608722,
          "N" : 32461552
        },
        "clat_ns" : {
          "min" : 7104,
          "max" : 614621,
          "mean" : 73343.213201,
          "stddev" : 8260.030668,
          "N" : 32461553,
          "percentile" : {
            "1.000000" : 67072,
            "5.000000" : 67072,
            "10.000000" : 67072,
            "20.000000" : 68096,
            "30.000000" : 68096,
            "40.000000" : 68096,
            "50.000000" : 69120,
            "60.000000" : 69120,
            "70.000000" : 80384,
            "80.000000" : 80384,
            "90.000000" : 81408,
            "95.000000" : 81408,
            "99.000000" : 108032,
            "99.500000" : 119296,
            "99.900000" : 134144,
            "99.950000" : 138240,
            "99.990000" : 146432
          }
        },
        "lat_ns" : {
          "min" : 7299,
          "max" : 614787,
          "mean" : 73519.276617,
          "stddev" : 8259.787165,
          "N" : 32461553,
          "percentile" : {
            "1.000000" : 67072,
            "5.000000" : 67072,
            "10.000000" : 67072,
            "20.000000" : 68096,
            "30.000000" : 68096,
            "40.000000" : 69120,
            "50.000000" : 69120,
            "60.000000" : 70144,
            "70.000000" : 80384,
            "80.000000" : 80384,
            "90.000000" : 81408,
            "95.000000" : 81408,
            "99.000000" : 108032,
            "99.500000" : 119296,
            "99.900000" : 134144,
            "99.950000" : 138240,
            "99.990000" : 146432
          }
        },
        "bw_min" : 107148,
        "bw_max" : 123447,
        "bw_agg" : 100.000000,
        "bw_mean" : 108212.784167,
        "bw_dev" : 573.830613,
        "bw_samples" : 1200,
        "iops_min" : 26516,
        "iops_max" : 30872,
        "iops_mean" : 27053.200833,
        "iops_stddev" : 151.498725,
        "iops_samples" : 2400
      },
      "write" : {
        "io_bytes" : 0,
        "io_kbytes" : 0,
        "bw_bytes" : 0,
        "bw" : 0,
        "iops" : 0.000000,
        "runtime" : 0,
        "total_ios" : 0,
        "short_ios" : 0,
        "drop_ios" : 0,
        "slat_ns" : {
          "min" : 0,
          "max" : 0,
          "mean" : 0.000000,
          "stddev" : 0.000000,
          "N" : 0
        },
        "clat_ns" : {
          "min" : 0,
          "max" : 0,
          "mean" : 0.000000,
          "stddev" : 0.000000,
          "N" : 0
        },
        "lat_ns" : {
          "min" : 0,
          "max" : 0,
          "mean" : 0.000000,
          "stddev" : 0.000000,
          "N" : 0
        },
        "bw_min" : 0,
        "bw_max" : 0,
        "bw_agg" : 0.000000,
        "bw_mean" : 0.000000,
        "bw_dev" : 0.000000,
        "bw_samples" : 0,
        "iops_min" : 0,
        "iops_max" : 0,
        "iops_mean" : 0.000000,
        "iops_stddev" : 0.000000,
        "iops_samples" : 0
      },
      "trim" : {
        "io_bytes" : 0,
        "io_kbytes" : 0,
        "bw_bytes" : 0,
        "bw" : 0,
        "iops" : 0.000000,
        "runtime" : 0,
        "total_ios" : 0,
        "short_ios" : 0,
        "drop_ios" : 0,
        "slat_ns" : {
          "min" : 0,
          "max" : 0,
          "mean" : 0.000000,
          "stddev" : 0.000000,
          "N" : 0
        },
        "clat_ns" : {
          "min" : 0,
          "max" : 0,
          "mean" : 0.000000,
          "stddev" : 0.000000,
          "N" : 0
        },
        "lat_ns" : {
          "min" : 0,
          "max" : 0,
          "mean" : 0.000000,
          "stddev" : 0.000000,
          "N" : 0
        },
        "bw_min" : 0,
        "bw_max" : 0,
        "bw_agg" : 0.000000,
        "bw_mean" : 0.000000,
        "bw_dev" : 0.000000,
        "bw_samples" : 0,
        "iops_min" : 0,
        "iops_max" : 0,
        "iops_mean" : 0.000000,
        "iops_stddev" : 0.000000,
        "iops_samples" : 0
      },
      "sync" : {
        "total_ios" : 0,
        "lat_ns" : {
          "min" : 0,
          "max" : 0,
          "mean" : 0.000000,
          "stddev" : 0.000000,
          "N" : 0
        }
      },
      "job_runtime" : 1200000,
      "usr_cpu" : 99.999750,
      "sys_cpu" : 0.002000,
      "ctx" : 3794,
      "majf" : 0,
      "minf" : 24120,
      "iodepth_level" : {
        "1" : 0.000000,
        "2" : 100.000000,
        "4" : 0.000000,
        "8" : 0.000000,
        "16" : 0.000000,
        "32" : 0.000000,
        ">=64" : 0.000000
      },
      "iodepth_submit" : {
        "0" : 0.000000,
        "4" : 100.000000,
        "8" : 0.000000,
        "16" : 0.000000,
        "32" : 0.000000,
        "64" : 0.000000,
        ">=64" : 0.000000
      },
      "iodepth_complete" : {
        "0" : 0.000000,
        "4" : 100.000000,
        "8" : 0.000000,
        "16" : 0.000000,
        "32" : 0.000000,
        "64" : 0.000000,
        ">=64" : 0.000000
      },
      "latency_ns" : {
        "2" : 0.000000,
        "4" : 0.000000,
        "10" : 0.000000,
        "20" : 0.000000,
        "50" : 0.000000,
        "100" : 0.000000,
        "250" : 0.000000,
        "500" : 0.000000,
        "750" : 0.000000,
        "1000" : 0.000000
      },
      "latency_us" : {
        "2" : 0.000000,
        "4" : 0.000000,
        "10" : 0.010000,
        "20" : 0.010000,
        "50" : 0.054064,
        "100" : 98.560309,
        "250" : 1.385288,
        "500" : 0.010000,
        "750" : 0.010000,
        "1000" : 0.000000
      },
      "latency_ms" : {
        "2" : 0.000000,
        "4" : 0.000000,
        "10" : 0.000000,
        "20" : 0.000000,
        "50" : 0.000000,
        "100" : 0.000000,
        "250" : 0.000000,
        "500" : 0.000000,
        "750" : 0.000000,
        "1000" : 0.000000,
        "2000" : 0.000000,
        ">=2000" : 0.000000
      },
      "latency_depth" : 2,
      "latency_target" : 0,
      "latency_percentile" : 100.000000,
      "latency_window" : 0
    }
  ]
}
