{
  "fio version" : "fio-3.32",
  "timestamp" : 1674142727,
  "timestamp_ms" : 1674142727557,
  "time" : "Thu Jan 19 16:38:47 2023",
  "global options" : {
    "direct" : "1",
    "thread" : "1",
    "time_based" : "1",
    "ramp_time" : "10s",
    "runtime" : "1m",
    "percentile_list" : "1:5:10:20:30:40:50:60:70:80:90:95:98:99:99.9:99.99:99.999:100",
    "numa_cpu_nodes" : "1",
    "numa_mem_policy" : "bind:1",
    "zonemode" : "zbd",
    "max_open_zones" : "14",
    "ioengine" : "spdk",
    "filename" : "trtype=PCIe traddr=0000.88.00.0 ns=2"
  },
  "jobs" : [
    {
      "jobname" : "read_4096",
      "groupid" : 0,
      "error" : 0,
      "eta" : 0,
      "elapsed" : 71,
      "job options" : {
        "iodepth" : "512",
        "bs" : "4096",
        "rw" : "randread",
        "norandommap" : "1",
        "size" : "1z",
        "offset" : "1z",
        "flow" : "95"
      },
      "read" : {
        "io_bytes" : 28838109184,
        "io_kbytes" : 28162216,
        "bw_bytes" : 480611122,
        "bw" : 469346,
        "iops" : 117336.666500,
        "runtime" : 60003,
        "total_ios" : 7040552,
        "short_ios" : 0,
        "drop_ios" : 0,
        "slat_ns" : {
          "min" : 92,
          "max" : 19033,
          "mean" : 130.300671,
          "stddev" : 37.821231,
          "N" : 7040552
        },
        "clat_ns" : {
          "min" : 53375,
          "max" : 4133290,
          "mean" : 232754.549196,
          "stddev" : 136376.164466,
          "N" : 7040552,
          "percentile" : {
            "1.000000" : 101888,
            "5.000000" : 114176,
            "10.000000" : 123392,
            "20.000000" : 144384,
            "30.000000" : 168960,
            "40.000000" : 187392,
            "50.000000" : 205824,
            "60.000000" : 228352,
            "70.000000" : 250880,
            "80.000000" : 288768,
            "90.000000" : 346112,
            "95.000000" : 415744,
            "98.000000" : 593920,
            "99.000000" : 856064,
            "99.900000" : 1482752,
            "99.990000" : 2277376,
            "99.999000" : 3391488,
            "100.000000" : 4145152
          }
        },
        "lat_ns" : {
          "min" : 53503,
          "max" : 4133390,
          "mean" : 232884.849867,
          "stddev" : 136374.864655,
          "N" : 7040552
        },
        "bw_min" : 435014,
        "bw_max" : 686512,
        "bw_agg" : 100.000000,
        "bw_mean" : 469505.791667,
        "bw_dev" : 21236.839648,
        "bw_samples" : 120,
        "iops_min" : 108753,
        "iops_max" : 171628,
        "iops_mean" : 117376.441667,
        "iops_stddev" : 5309.216734,
        "iops_samples" : 120
      },
      "write" : {
        "io_bytes" : 0,
        "io_kbytes" : 0,
        "bw_bytes" : 0,
        "bw" : 0,
        "iops" : 0.000000,
        "runtime" : 0,
        "total_ios" : 0,
        "short_ios" : 0,
        "drop_ios" : 0,
        "slat_ns" : {
          "min" : 0,
          "max" : 0,
          "mean" : 0.000000,
          "stddev" : 0.000000,
          "N" : 0
        },
        "clat_ns" : {
          "min" : 0,
          "max" : 0,
          "mean" : 0.000000,
          "stddev" : 0.000000,
          "N" : 0
        },
        "lat_ns" : {
          "min" : 0,
          "max" : 0,
          "mean" : 0.000000,
          "stddev" : 0.000000,
          "N" : 0
        },
        "bw_min" : 0,
        "bw_max" : 0,
        "bw_agg" : 0.000000,
        "bw_mean" : 0.000000,
        "bw_dev" : 0.000000,
        "bw_samples" : 0,
        "iops_min" : 0,
        "iops_max" : 0,
        "iops_mean" : 0.000000,
        "iops_stddev" : 0.000000,
        "iops_samples" : 0
      },
      "trim" : {
        "io_bytes" : 0,
        "io_kbytes" : 0,
        "bw_bytes" : 0,
        "bw" : 0,
        "iops" : 0.000000,
        "runtime" : 0,
        "total_ios" : 0,
        "short_ios" : 0,
        "drop_ios" : 0,
        "slat_ns" : {
          "min" : 0,
          "max" : 0,
          "mean" : 0.000000,
          "stddev" : 0.000000,
          "N" : 0
        },
        "clat_ns" : {
          "min" : 0,
          "max" : 0,
          "mean" : 0.000000,
          "stddev" : 0.000000,
          "N" : 0
        },
        "lat_ns" : {
          "min" : 0,
          "max" : 0,
          "mean" : 0.000000,
          "stddev" : 0.000000,
          "N" : 0
        },
        "bw_min" : 0,
        "bw_max" : 0,
        "bw_agg" : 0.000000,
        "bw_mean" : 0.000000,
        "bw_dev" : 0.000000,
        "bw_samples" : 0,
        "iops_min" : 0,
        "iops_max" : 0,
        "iops_mean" : 0.000000,
        "iops_stddev" : 0.000000,
        "iops_samples" : 0
      },
      "sync" : {
        "total_ios" : 0,
        "lat_ns" : {
          "min" : 0,
          "max" : 0,
          "mean" : 0.000000,
          "stddev" : 0.000000,
          "N" : 0
        }
      },
      "job_runtime" : 60002,
      "usr_cpu" : 100.003333,
      "sys_cpu" : 0.000000,
      "ctx" : 73,
      "majf" : 0,
      "minf" : 0,
      "iodepth_level" : {
        "1" : 1.228909,
        "2" : 2.457819,
        "4" : 4.915637,
        "8" : 9.831275,
        "16" : 19.662379,
        "32" : 39.305072,
        ">=64" : 22.598910
      },
      "iodepth_submit" : {
        "0" : 0.000000,
        "4" : 100.000000,
        "8" : 0.000000,
        "16" : 0.000000,
        "32" : 0.000000,
        "64" : 0.000000,
        ">=64" : 0.000000
      },
      "iodepth_complete" : {
        "0" : 0.000000,
        "4" : 99.999993,
        "8" : 0.000000,
        "16" : 0.000000,
        "32" : 0.000000,
        "64" : 0.000000,
        ">=64" : 0.100000
      },
      "latency_ns" : {
        "2" : 0.000000,
        "4" : 0.000000,
        "10" : 0.000000,
        "20" : 0.000000,
        "50" : 0.000000,
        "100" : 0.000000,
        "250" : 0.000000,
        "500" : 0.000000,
        "750" : 0.000000,
        "1000" : 0.000000
      },
      "latency_us" : {
        "2" : 0.000000,
        "4" : 0.000000,
        "10" : 0.000000,
        "20" : 0.000000,
        "50" : 0.000000,
        "100" : 0.395892,
        "250" : 69.002359,
        "500" : 27.671225,
        "750" : 1.621719,
        "1000" : 0.718679
      },
      "latency_ms" : {
        "2" : 0.573478,
        "4" : 0.016575,
        "10" : 0.010000,
        "20" : 0.000000,
        "50" : 0.000000,
        "100" : 0.000000,
        "250" : 0.000000,
        "500" : 0.000000,
        "750" : 0.000000,
        "1000" : 0.000000,
        "2000" : 0.000000,
        ">=2000" : 0.000000
      },
      "latency_depth" : 512,
      "latency_target" : 0,
      "latency_percentile" : 100.000000,
      "latency_window" : 0
    },
    {
      "jobname" : "write_512_4096",
      "groupid" : 0,
      "error" : 0,
      "eta" : 0,
      "elapsed" : 71,
      "job options" : {
        "iodepth" : "4",
        "bs" : "8192",
        "rw" : "write",
        "size" : "1z",
        "offset" : "902z",
        "flow" : "5",
        "zone_append" : "1"
      },
      "read" : {
        "io_bytes" : 0,
        "io_kbytes" : 0,
        "bw_bytes" : 0,
        "bw" : 0,
        "iops" : 0.000000,
        "runtime" : 0,
        "total_ios" : 0,
        "short_ios" : 0,
        "drop_ios" : 0,
        "slat_ns" : {
          "min" : 0,
          "max" : 0,
          "mean" : 0.000000,
          "stddev" : 0.000000,
          "N" : 0
        },
        "clat_ns" : {
          "min" : 0,
          "max" : 0,
          "mean" : 0.000000,
          "stddev" : 0.000000,
          "N" : 0
        },
        "lat_ns" : {
          "min" : 0,
          "max" : 0,
          "mean" : 0.000000,
          "stddev" : 0.000000,
          "N" : 0
        },
        "bw_min" : 0,
        "bw_max" : 0,
        "bw_agg" : 0.000000,
        "bw_mean" : 0.000000,
        "bw_dev" : 0.000000,
        "bw_samples" : 0,
        "iops_min" : 0,
        "iops_max" : 0,
        "iops_mean" : 0.000000,