{
  "fio version" : "fio-3.32",
  "timestamp" : 1669830215,
  "timestamp_ms" : 1669830215481,
  "time" : "Wed Nov 30 18:43:35 2022",
  "jobs" : [
    {
      "jobname" : "qd32",
      "groupid" : 0,
      "error" : 0,
      "eta" : 0,
      "elapsed" : 41,
      "job options" : {
        "name" : "qd32",
        "rw" : "write",
        "direct" : "1",
        "group_reporting" : "1",
        "thread" : "1",
        "time_based" : "1",
        "runtime" : "30s",
        "ramp_time" : "10s",
        "numa_cpu_nodes" : "1",
        "numa_mem_policy" : "bind:1",
        "size" : "40G",
        "ioengine" : "spdk",
        "filename" : "trtype=PCIe traddr=0000.87.00.0 ns=1",
        "bs" : "65536",
        "iodepth" : "32"
      },
      "read" : {
        "io_bytes" : 0,
        "io_kbytes" : 0,
        "bw_bytes" : 0,
        "bw" : 0,
        "iops" : 0.000000,
        "runtime" : 0,
        "total_ios" : 0,
        "short_ios" : 0,
        "drop_ios" : 0,
        "slat_ns" : {
          "min" : 0,
          "max" : 0,
          "mean" : 0.000000,
          "stddev" : 0.000000,
          "N" : 0
        },
        "clat_ns" : {
          "min" : 0,
          "max" : 0,
          "mean" : 0.000000,
          "stddev" : 0.000000,
          "N" : 0
        },
        "lat_ns" : {
          "min" : 0,
          "max" : 0,
          "mean" : 0.000000,
          "stddev" : 0.000000,
          "N" : 0
        },
        "bw_min" : 0,
        "bw_max" : 0,
        "bw_agg" : 0.000000,
        "bw_mean" : 0.000000,
        "bw_dev" : 0.000000,
        "bw_samples" : 0,
        "iops_min" : 0,
        "iops_max" : 0,
        "iops_mean" : 0.000000,
        "iops_stddev" : 0.000000,
        "iops_samples" : 0
      },
      "write" : {
        "io_bytes" : 37319737344,
        "io_kbytes" : 36445056,
        "bw_bytes" : 1243949779,
        "bw" : 1214794,
        "iops" : 18980.133996,
        "runtime" : 30001,
        "total_ios" : 569423,
        "short_ios" : 0,
        "drop_ios" : 0,
        "slat_ns" : {
          "min" : 605,
          "max" : 17444,
          "mean" : 1326.594981,
          "stddev" : 215.382546,
          "N" : 569423
        },
        "clat_ns" : {
          "min" : 314898,
          "max" : 6602266,
          "mean" : 1684300.997700,
          "stddev" : 680999.635574,
          "N" : 569454,
          "percentile" : {
            "1.000000" : 403456,
            "5.000000" : 528384,
            "10.000000" : 667648,
            "20.000000" : 978944,
            "30.000000" : 1351680,
            "40.000000" : 1630208,
            "50.000000" : 1826816,
            "60.000000" : 1974272,
            "70.000000" : 2113536,
            "80.000000" : 2244608,
            "90.000000" : 2342912,
            "95.000000" : 2441216,
            "99.000000" : 3489792,
            "99.500000" : 4554752,
            "99.900000" : 4947968,
            "99.950000" : 5013504,
            "99.990000" : 5472256
          }
        },
        "lat_ns" : {
          "min" : 316278,
          "max" : 6603574,
          "mean" : 1685627.594350,
          "stddev" : 680999.557955,
          "N" : 569454
        },
        "bw_min" : 1154432,
        "bw_max" : 1239680,
        "bw_agg" : 100.000000,
        "bw_mean" : 1215073.950000,
        "bw_dev" : 19344.538838,
        "bw_samples" : 60,
        "iops_min" : 18038,
        "iops_max" : 19370,
        "iops_mean" : 18985.466667,
        "iops_stddev" : 302.297164,
        "iops_samples" : 60
      },
      "trim" : {
        "io_bytes" : 0,
        "io_kbytes" : 0,
        "bw_bytes" : 0,
        "bw" : 0,
        "iops" : 0.000000,
        "runtime" : 0,
        "total_ios" : 0,
        "short_ios" : 0,
        "drop_ios" : 0,
        "slat_ns" : {
          "min" : 0,
          "max" : 0,
          "mean" : 0.000000,
          "stddev" : 0.000000,
          "N" : 0
        },
        "clat_ns" : {
          "min" : 0,
          "max" : 0,
          "mean" : 0.000000,
          "stddev" : 0.000000,
          "N" : 0
        },
        "lat_ns" : {
          "min" : 0,
          "max" : 0,
          "mean" : 0.000000,
          "stddev" : 0.000000,
          "N" : 0
        },
        "bw_min" : 0,
        "bw_max" : 0,
        "bw_agg" : 0.000000,
        "bw_mean" : 0.000000,
        "bw_dev" : 0.000000,
        "bw_samples" : 0,
        "iops_min" : 0,
        "iops_max" : 0,
        "iops_mean" : 0.000000,
        "iops_stddev" : 0.000000,
        "iops_samples" : 0
      },
      "sync" : {
        "total_ios" : 0,
        "lat_ns" : {
          "min" : 0,
          "max" : 0,
          "mean" : 0.000000,
          "stddev" : 0.000000,
          "N" : 0
        }
      },
      "job_runtime" : 30000,
      "usr_cpu" : 99.996667,
      "sys_cpu" : 0.000000,
      "ctx" : 31,
      "majf" : 0,
      "minf" : 0,
      "iodepth_level" : {
        "1" : 0.000000,
        "2" : 0.000000,
        "4" : 0.000000,
        "8" : 0.000000,
        "16" : 0.000000,
        "32" : 100.000000,
        ">=64" : 0.000000
      },
      "iodepth_submit" : {
        "0" : 0.000000,
        "4" : 100.000000,
        "8" : 0.000000,
        "16" : 0.000000,
        "32" : 0.000000,
        "64" : 0.000000,
        ">=64" : 0.000000
      },
      "iodepth_complete" : {
        "0" : 0.000000,
        "4" : 99.999912,
        "8" : 0.000000,
        "16" : 0.000000,
        "32" : 0.100000,
        "64" : 0.000000,
        ">=64" : 0.000000
      },
      "latency_ns" : {
        "2" : 0.000000,
        "4" : 0.000000,
        "10" : 0.000000,
        "20" : 0.000000,
        "50" : 0.000000,
        "100" : 0.000000,
        "250" : 0.000000,
        "500" : 0.000000,
        "750" : 0.000000,
        "1000" : 0.000000
      },
      "latency_us" : {
        "2" : 0.000000,
        "4" : 0.000000,
        "10" : 0.000000,
        "20" : 0.000000,
        "50" : 0.000000,
        "100" : 0.000000,
        "250" : 0.000000,
        "500" : 3.907113,
        "750" : 9.085513,
        "1000" : 7.645283
      },
      "latency_ms" : {
        "2" : 40.673805,
        "4" : 37.921545,
        "10" : 0.772185,
        "20" : 0.000000,
        "50" : 0.000000,
        "100" : 0.000000,
        "250" : 0.000000,
        "500" : 0.000000,
        "750" : 0.000000,
        "1000" : 0.000000,
        "2000" : 0.000000,
        ">=2000" : 0.000000
      },
      "latency_depth" : 32,
      "latency_target" : 0,
      "latency_percentile" : 100.000000,
      "latency_window" : 0
    }
  ]
}
