{
  "fio version" : "fio-3.32",
  "timestamp" : 1674127995,
  "timestamp_ms" : 1674127995940,
  "time" : "Thu Jan 19 12:33:15 2023",
  "global options" : {
    "direct" : "1",
    "thread" : "1",
    "time_based" : "1",
    "ramp_time" : "10s",
    "runtime" : "1m",
    "percentile_list" : "1:5:10:20:30:40:50:60:70:80:90:95:98:99:99.9:99.99:99.999:100",
    "numa_cpu_nodes" : "1",
    "numa_mem_policy" : "bind:1",
    "zonemode" : "zbd",
    "max_open_zones" : "14",
    "ioengine" : "spdk",
    "filename" : "trtype=PCIe traddr=0000.88.00.0 ns=2"
  },
  "jobs" : [
    {
      "jobname" : "read_4096",
      "groupid" : 0,
      "error" : 0,
      "eta" : 0,
      "elapsed" : 71,
      "job options" : {
        "iodepth" : "16",
        "bs" : "4096",
        "rw" : "randread",
        "norandommap" : "1",
        "size" : "1z",
        "offset" : "199z",
        "flow" : "50"
      },
      "read" : {
        "io_bytes" : 8430317568,
        "io_kbytes" : 8232732,
        "bw_bytes" : 140505292,
        "bw" : 137212,
        "iops" : 34302.933333,
        "runtime" : 60000,
        "total_ios" : 2058176,
        "short_ios" : 0,
        "drop_ios" : 0,
        "slat_ns" : {
          "min" : 149,
          "max" : 18983,
          "mean" : 175.652072,
          "stddev" : 49.049687,
          "N" : 2058176
        },
        "clat_ns" : {
          "min" : 27094,
          "max" : 1536212,
          "mean" : 119054.367428,
          "stddev" : 65983.951916,
          "N" : 2058176,
          "percentile" : {
            "1.000000" : 72192,
            "5.000000" : 73216,
            "10.000000" : 75264,
            "20.000000" : 79360,
            "30.000000" : 82432,
            "40.000000" : 86528,
            "50.000000" : 90624,
            "60.000000" : 95744,
            "70.000000" : 127488,
            "80.000000" : 152576,
            "90.000000" : 193536,
            "95.000000" : 240640,
            "98.000000" : 337920,
            "99.000000" : 382976,
            "99.900000" : 585728,
            "99.990000" : 1011712,
            "99.999000" : 1105920,
            "100.000000" : 1531904
          }
        },
        "lat_ns" : {
          "min" : 27284,
          "max" : 1536376,
          "mean" : 119230.019499,
          "stddev" : 65983.217382,
          "N" : 2058176
        },
        "bw_min" : 129056,
        "bw_max" : 140368,
        "bw_agg" : 100.000000,
        "bw_mean" : 137259.613445,
        "bw_dev" : 2389.853698,
        "bw_samples" : 119,
        "iops_min" : 32264,
        "iops_max" : 35092,
        "iops_mean" : 34314.899160,
        "iops_stddev" : 597.463429,
        "iops_samples" : 119
      },
      "write" : {
        "io_bytes" : 0,
        "io_kbytes" : 0,
        "bw_bytes" : 0,
        "bw" : 0,
        "iops" : 0.000000,
        "runtime" : 0,
        "total_ios" : 0,
        "short_ios" : 0,
        "drop_ios" : 0,
        "slat_ns" : {
          "min" : 0,
          "max" : 0,
          "mean" : 0.000000,
          "stddev" : 0.000000,
          "N" : 0
        },
        "clat_ns" : {
          "min" : 0,
          "max" : 0,
          "mean" : 0.000000,
          "stddev" : 0.000000,
          "N" : 0
        },
        "lat_ns" : {
          "min" : 0,
          "max" : 0,
          "mean" : 0.000000,
          "stddev" : 0.000000,
          "N" : 0
        },
        "bw_min" : 0,
        "bw_max" : 0,
        "bw_agg" : 0.000000,
        "bw_mean" : 0.000000,
        "bw_dev" : 0.000000,
        "bw_samples" : 0,
        "iops_min" : 0,
        "iops_max" : 0,
        "iops_mean" : 0.000000,
        "iops_stddev" : 0.000000,
        "iops_samples" : 0
      },
      "trim" : {
        "io_bytes" : 0,
        "io_kbytes" : 0,
        "bw_bytes" : 0,
        "bw" : 0,
        "iops" : 0.000000,
        "runtime" : 0,
        "total_ios" : 0,
        "short_ios" : 0,
        "drop_ios" : 0,
        "slat_ns" : {
          "min" : 0,
          "max" : 0,
          "mean" : 0.000000,
          "stddev" : 0.000000,
          "N" : 0
        },
        "clat_ns" : {
          "min" : 0,
          "max" : 0,
          "mean" : 0.000000,
          "stddev" : 0.000000,
          "N" : 0
        },
        "lat_ns" : {
          "min" : 0,
          "max" : 0,
          "mean" : 0.000000,
          "stddev" : 0.000000,
          "N" : 0
        },
        "bw_min" : 0,
        "bw_max" : 0,
        "bw_agg" : 0.000000,
        "bw_mean" : 0.000000,
        "bw_dev" : 0.000000,
        "bw_samples" : 0,
        "iops_min" : 0,
        "iops_max" : 0,
        "iops_mean" : 0.000000,
        "iops_stddev" : 0.000000,
        "iops_samples" : 0
      },
      "sync" : {
        "total_ios" : 0,
        "lat_ns" : {
          "min" : 0,
          "max" : 0,
          "mean" : 0.000000,
          "stddev" : 0.000000,
          "N" : 0
        }
      },
      "job_runtime" : 60000,
      "usr_cpu" : 100.000000,
      "sys_cpu" : 0.000000,
      "ctx" : 45,
      "majf" : 0,
      "minf" : 0,
      "iodepth_level" : {
        "1" : 12.509717,
        "2" : 25.014527,
        "4" : 49.992032,
        "8" : 12.483723,
        "16" : 0.000000,
        "32" : 0.000000,
        ">=64" : 0.000000
      },
      "iodepth_submit" : {
        "0" : 0.000000,
        "4" : 100.000000,
        "8" : 0.000000,
        "16" : 0.000000,
        "32" : 0.000000,
        "64" : 0.000000,
        ">=64" : 0.000000
      },
      "iodepth_complete" : {
        "0" : 0.000000,
        "4" : 100.000000,
        "8" : 0.000000,
        "16" : 0.000000,
        "32" : 0.000000,
        "64" : 0.000000,
        ">=64" : 0.000000
      },
      "latency_ns" : {
        "2" : 0.000000,
        "4" : 0.000000,
        "10" : 0.000000,
        "20" : 0.000000,
        "50" : 0.000000,
        "100" : 0.000000,
        "250" : 0.000000,
        "500" : 0.000000,
        "750" : 0.000000,
        "1000" : 0.000000
      },
      "latency_us" : {
        "2" : 0.000000,
        "4" : 0.000000,
        "10" : 0.000000,
        "20" : 0.000000,
        "50" : 0.062823,
        "100" : 63.903767,
        "250" : 31.538848,
        "500" : 4.272084,
        "750" : 0.189391,
        "1000" : 0.021718
      },
      "latency_ms" : {
        "2" : 0.011369,
        "4" : 0.000000,
        "10" : 0.000000,
        "20" : 0.000000,
        "50" : 0.000000,
        "100" : 0.000000,
        "250" : 0.000000,
        "500" : 0.000000,
        "750" : 0.000000,
        "1000" : 0.000000,
        "2000" : 0.000000,
        ">=2000" : 0.000000
      },
      "latency_depth" : 16,
      "latency_target" : 0,
      "latency_percentile" : 100.000000,
      "latency_window" : 0
    },
    {
      "jobname" : "write_16_4096",
      "groupid" : 0,
      "error" : 0,
      "eta" : 0,
      "elapsed" : 71,
      "job options" : {
        "iodepth" : "4",
        "bs" : "8192",
        "rw" : "write",
        "size" : "1z",
        "offset" : "200z",
        "flow" : "50",
        "zone_append" : "1"
      },
      "read" : {
        "io_bytes" : 0,
        "io_kbytes" : 0,
        "bw_bytes" : 0,
        "bw" : 0,
        "iops" : 0.000000,
        "runtime" : 0,
        "total_ios" : 0,
        "short_ios" : 0,
        "drop_ios" : 0,
        "slat_ns" : {
          "min" : 0,
          "max" : 0,
          "mean" : 0.000000,
          "stddev" : 0.000000,
          "N" : 0
        },
        "clat_ns" : {
          "min" : 0,
          "max" : 0,
          "mean" : 0.000000,
          "stddev" : 0.000000,
          "N" : 0
        },
        "lat_ns" : {
          "min" : 0,
          "max" : 0,
          "mean" : 0.000000,
          "stddev" : 0.000000,
          "N" : 0
        },
        "bw_min" : 0,
        "bw_max" : 0,
        "bw_agg" : 0.000000,
        "bw_mean" : 0.000000,
        "bw_dev" : 0.000000,
        "bw_samples" : 0,
        "iops_min" : 0,
        "iops_max" : 0,
        "iops_mean" : 0.000000,
        "iops_stddev" : 0.000000,