{
  "fio version" : "fio-3.32",
  "timestamp" : 1669735015,
  "timestamp_ms" : 1669735015752,
  "time" : "Tue Nov 29 16:16:55 2022",
  "jobs" : [
    {
      "jobname" : "qd1024",
      "groupid" : 0,
      "error" : 0,
      "eta" : 0,
      "elapsed" : 41,
      "job options" : {
        "name" : "qd1024",
        "filename" : "trtype=PCIe traddr=0000.86.00.0 ns=1",
        "size" : "40G",
        "ioengine" : "spdk",
        "iodepth" : "1024",
        "rw" : "write",
        "bs" : "4k",
        "direct" : "1",
        "time_based" : "1",
        "runtime" : "30s",
        "ramp_time" : "10s",
        "group_reporting" : "1",
        "thread" : "1",
        "ioscheduler" : "mq-deadline"
      },
      "read" : {
        "io_bytes" : 0,
        "io_kbytes" : 0,
        "bw_bytes" : 0,
        "bw" : 0,
        "iops" : 0.000000,
        "runtime" : 0,
        "total_ios" : 0,
        "short_ios" : 0,
        "drop_ios" : 0,
        "slat_ns" : {
          "min" : 0,
          "max" : 0,
          "mean" : 0.000000,
          "stddev" : 0.000000,
          "N" : 0
        },
        "clat_ns" : {
          "min" : 0,
          "max" : 0,
          "mean" : 0.000000,
          "stddev" : 0.000000,
          "N" : 0
        },
        "lat_ns" : {
          "min" : 0,
          "max" : 0,
          "mean" : 0.000000,
          "stddev" : 0.000000,
          "N" : 0
        },
        "bw_min" : 0,
        "bw_max" : 0,
        "bw_agg" : 0.000000,
        "bw_mean" : 0.000000,
        "bw_dev" : 0.000000,
        "bw_samples" : 0,
        "iops_min" : 0,
        "iops_max" : 0,
        "iops_mean" : 0.000000,
        "iops_stddev" : 0.000000,
        "iops_samples" : 0
      },
      "write" : {
        "io_bytes" : 36704862208,
        "io_kbytes" : 35844592,
        "bw_bytes" : 1223413846,
        "bw" : 1194740,
        "iops" : 298667.988801,
        "runtime" : 30002,
        "total_ios" : 8960637,
        "short_ios" : 0,
        "drop_ios" : 0,
        "slat_ns" : {
          "min" : 88,
          "max" : 77634,
          "mean" : 103.912948,
          "stddev" : 63.410300,
          "N" : 8960637
        },
        "clat_ns" : {
          "min" : 833576,
          "max" : 6167281,
          "mean" : 1713966.343451,
          "stddev" : 505794.697690,
          "N" : 8961148,
          "percentile" : {
            "1.000000" : 929792,
            "5.000000" : 1019904,
            "10.000000" : 1089536,
            "20.000000" : 1253376,
            "30.000000" : 1384448,
            "40.000000" : 1531904,
            "50.000000" : 1712128,
            "60.000000" : 1892352,
            "70.000000" : 2039808,
            "80.000000" : 2113536,
            "90.000000" : 2211840,
            "95.000000" : 2310144,
            "99.000000" : 3555328,
            "99.500000" : 4292608,
            "99.900000" : 4751360,
            "99.950000" : 4816896,
            "99.990000" : 5079040
          }
        },
        "lat_ns" : {
          "min" : 833980,
          "max" : 6167388,
          "mean" : 1714070.256254,
          "stddev" : 505794.582160,
          "N" : 8961148
        },
        "bw_min" : 1159888,
        "bw_max" : 1237576,
        "bw_agg" : 100.000000,
        "bw_mean" : 1195051.883333,
        "bw_dev" : 17939.424130,
        "bw_samples" : 60,
        "iops_min" : 289972,
        "iops_max" : 309394,
        "iops_mean" : 298763.033333,
        "iops_stddev" : 4484.904027,
        "iops_samples" : 60
      },
      "trim" : {
        "io_bytes" : 0,
        "io_kbytes" : 0,
        "bw_bytes" : 0,
        "bw" : 0,
        "iops" : 0.000000,
        "runtime" : 0,
        "total_ios" : 0,
        "short_ios" : 0,
        "drop_ios" : 0,
        "slat_ns" : {
          "min" : 0,
          "max" : 0,
          "mean" : 0.000000,
          "stddev" : 0.000000,
          "N" : 0
        },
        "clat_ns" : {
          "min" : 0,
          "max" : 0,
          "mean" : 0.000000,
          "stddev" : 0.000000,
          "N" : 0
        },
        "lat_ns" : {
          "min" : 0,
          "max" : 0,
          "mean" : 0.000000,
          "stddev" : 0.000000,
          "N" : 0
        },
        "bw_min" : 0,
        "bw_max" : 0,
        "bw_agg" : 0.000000,
        "bw_mean" : 0.000000,
        "bw_dev" : 0.000000,
        "bw_samples" : 0,
        "iops_min" : 0,
        "iops_max" : 0,
        "iops_mean" : 0.000000,
        "iops_stddev" : 0.000000,
        "iops_samples" : 0
      },
      "sync" : {
        "total_ios" : 0,
        "lat_ns" : {
          "min" : 0,
          "max" : 0,
          "mean" : 0.000000,
          "stddev" : 0.000000,
          "N" : 0
        }
      },
      "job_runtime" : 30001,
      "usr_cpu" : 100.010000,
      "sys_cpu" : 0.000000,
      "ctx" : 71,
      "majf" : 0,
      "minf" : 467,
      "iodepth_level" : {
        "1" : 0.000000,
        "2" : 0.000000,
        "4" : 0.000000,
        "8" : 0.000000,
        "16" : 0.000000,
        "32" : 0.000000,
        ">=64" : 100.000000
      },
      "iodepth_submit" : {
        "0" : 0.000000,
        "4" : 100.000000,
        "8" : 0.000000,
        "16" : 0.000000,
        "32" : 0.000000,
        "64" : 0.000000,
        ">=64" : 0.000000
      },
      "iodepth_complete" : {
        "0" : 0.000000,
        "4" : 99.999996,
        "8" : 0.000000,
        "16" : 0.000000,
        "32" : 0.000000,
        "64" : 0.000000,
        ">=64" : 0.100000
      },
      "latency_ns" : {
        "2" : 0.000000,
        "4" : 0.000000,
        "10" : 0.000000,
        "20" : 0.000000,
        "50" : 0.000000,
        "100" : 0.000000,
        "250" : 0.000000,
        "500" : 0.000000,
        "750" : 0.000000,
        "1000" : 0.000000
      },
      "latency_us" : {
        "2" : 0.000000,
        "4" : 0.000000,
        "10" : 0.000000,
        "20" : 0.000000,
        "50" : 0.000000,
        "100" : 0.000000,
        "250" : 0.000000,
        "500" : 0.000000,
        "750" : 0.000000,
        "1000" : 4.014212
      },
      "latency_ms" : {
        "2" : 63.165833,
        "4" : 32.127682,
        "10" : 0.697975,
        "20" : 0.000000,
        "50" : 0.000000,
        "100" : 0.000000,
        "250" : 0.000000,
        "500" : 0.000000,
        "750" : 0.000000,
        "1000" : 0.000000,
        "2000" : 0.000000,
        ">=2000" : 0.000000
      },
      "latency_depth" : 1024,
      "latency_target" : 0,
      "latency_percentile" : 100.000000,
      "latency_window" : 0
    }
  ]
}
