{
  "fio version" : "fio-3.32",
  "timestamp" : 1669734893,
  "timestamp_ms" : 1669734893626,
  "time" : "Tue Nov 29 16:14:53 2022",
  "jobs" : [
    {
      "jobname" : "qd128",
      "groupid" : 0,
      "error" : 0,
      "eta" : 0,
      "elapsed" : 41,
      "job options" : {
        "name" : "qd128",
        "filename" : "trtype=PCIe traddr=0000.86.00.0 ns=1",
        "size" : "40G",
        "ioengine" : "spdk",
        "iodepth" : "128",
        "rw" : "write",
        "bs" : "4k",
        "direct" : "1",
        "time_based" : "1",
        "runtime" : "30s",
        "ramp_time" : "10s",
        "group_reporting" : "1",
        "thread" : "1",
        "ioscheduler" : "mq-deadline"
      },
      "read" : {
        "io_bytes" : 0,
        "io_kbytes" : 0,
        "bw_bytes" : 0,
        "bw" : 0,
        "iops" : 0.000000,
        "runtime" : 0,
        "total_ios" : 0,
        "short_ios" : 0,
        "drop_ios" : 0,
        "slat_ns" : {
          "min" : 0,
          "max" : 0,
          "mean" : 0.000000,
          "stddev" : 0.000000,
          "N" : 0
        },
        "clat_ns" : {
          "min" : 0,
          "max" : 0,
          "mean" : 0.000000,
          "stddev" : 0.000000,
          "N" : 0
        },
        "lat_ns" : {
          "min" : 0,
          "max" : 0,
          "mean" : 0.000000,
          "stddev" : 0.000000,
          "N" : 0
        },
        "bw_min" : 0,
        "bw_max" : 0,
        "bw_agg" : 0.000000,
        "bw_mean" : 0.000000,
        "bw_dev" : 0.000000,
        "bw_samples" : 0,
        "iops_min" : 0,
        "iops_max" : 0,
        "iops_mean" : 0.000000,
        "iops_stddev" : 0.000000,
        "iops_samples" : 0
      },
      "write" : {
        "io_bytes" : 37578641408,
        "io_kbytes" : 36697892,
        "bw_bytes" : 1252579627,
        "bw" : 1223222,
        "iops" : 305801.339955,
        "runtime" : 30001,
        "total_ios" : 9174346,
        "short_ios" : 0,
        "drop_ios" : 0,
        "slat_ns" : {
          "min" : 127,
          "max" : 16501,
          "mean" : 159.107865,
          "stddev" : 51.289225,
          "N" : 9174346
        },
        "clat_ns" : {
          "min" : 14489,
          "max" : 5362897,
          "mean" : 418098.556290,
          "stddev" : 316719.502217,
          "N" : 9174473,
          "percentile" : {
            "1.000000" : 68096,
            "5.000000" : 81408,
            "10.000000" : 92672,
            "20.000000" : 115200,
            "30.000000" : 146432,
            "40.000000" : 214016,
            "50.000000" : 407552,
            "60.000000" : 552960,
            "70.000000" : 593920,
            "80.000000" : 659456,
            "90.000000" : 790528,
            "95.000000" : 897024,
            "99.000000" : 1105920,
            "99.500000" : 1335296,
            "99.900000" : 3227648,
            "99.950000" : 3358720,
            "99.990000" : 3588096
          }
        },
        "lat_ns" : {
          "min" : 14642,
          "max" : 5363037,
          "mean" : 418257.664186,
          "stddev" : 316719.491261,
          "N" : 9174473
        },
        "bw_min" : 1172936,
        "bw_max" : 1254925,
        "bw_agg" : 100.000000,
        "bw_mean" : 1223564.633333,
        "bw_dev" : 18098.240462,
        "bw_samples" : 60,
        "iops_min" : 293234,
        "iops_max" : 313731,
        "iops_mean" : 305891.100000,
        "iops_stddev" : 4524.591487,
        "iops_samples" : 60
      },
      "trim" : {
        "io_bytes" : 0,
        "io_kbytes" : 0,
        "bw_bytes" : 0,
        "bw" : 0,
        "iops" : 0.000000,
        "runtime" : 0,
        "total_ios" : 0,
        "short_ios" : 0,
        "drop_ios" : 0,
        "slat_ns" : {
          "min" : 0,
          "max" : 0,
          "mean" : 0.000000,
          "stddev" : 0.000000,
          "N" : 0
        },
        "clat_ns" : {
          "min" : 0,
          "max" : 0,
          "mean" : 0.000000,
          "stddev" : 0.000000,
          "N" : 0
        },
        "lat_ns" : {
          "min" : 0,
          "max" : 0,
          "mean" : 0.000000,
          "stddev" : 0.000000,
          "N" : 0
        },
        "bw_min" : 0,
        "bw_max" : 0,
        "bw_agg" : 0.000000,
        "bw_mean" : 0.000000,
        "bw_dev" : 0.000000,
        "bw_samples" : 0,
        "iops_min" : 0,
        "iops_max" : 0,
        "iops_mean" : 0.000000,
        "iops_stddev" : 0.000000,
        "iops_samples" : 0
      },
      "sync" : {
        "total_ios" : 0,
        "lat_ns" : {
          "min" : 0,
          "max" : 0,
          "mean" : 0.000000,
          "stddev" : 0.000000,
          "N" : 0
        }
      },
      "job_runtime" : 30000,
      "usr_cpu" : 100.000000,
      "sys_cpu" : 0.000000,
      "ctx" : 47,
      "majf" : 0,
      "minf" : 160,
      "iodepth_level" : {
        "1" : 0.000000,
        "2" : 0.000000,
        "4" : 0.000000,
        "8" : 0.000000,
        "16" : 0.000000,
        "32" : 0.000000,
        ">=64" : 100.000000
      },
      "iodepth_submit" : {
        "0" : 0.000000,
        "4" : 100.000000,
        "8" : 0.000000,
        "16" : 0.000000,
        "32" : 0.000000,
        "64" : 0.000000,
        ">=64" : 0.000000
      },
      "iodepth_complete" : {
        "0" : 0.000000,
        "4" : 99.999995,
        "8" : 0.000000,
        "16" : 0.000000,
        "32" : 0.000000,
        "64" : 0.000000,
        ">=64" : 0.100000
      },
      "latency_ns" : {
        "2" : 0.000000,
        "4" : 0.000000,
        "10" : 0.000000,
        "20" : 0.000000,
        "50" : 0.000000,
        "100" : 0.000000,
        "250" : 0.000000,
        "500" : 0.000000,
        "750" : 0.000000,
        "1000" : 0.000000
      },
      "latency_us" : {
        "2" : 0.000000,
        "4" : 0.000000,
        "10" : 0.000000,
        "20" : 0.010000,
        "50" : 0.032449,
        "100" : 13.383515,
        "250" : 29.488881,
        "500" : 11.699777,
        "750" : 33.083884,
        "1000" : 10.095128
      },
      "latency_ms" : {
        "2" : 1.920388,
        "4" : 0.294659,
        "10" : 0.010000,
        "20" : 0.000000,
        "50" : 0.000000,
        "100" : 0.000000,
        "250" : 0.000000,
        "500" : 0.000000,
        "750" : 0.000000,
        "1000" : 0.000000,
        "2000" : 0.000000,
        ">=2000" : 0.000000
      },
      "latency_depth" : 128,
      "latency_target" : 0,
      "latency_percentile" : 100.000000,
      "latency_window" : 0
    }
  ]
}
