{
  "fio version" : "fio-3.32",
  "timestamp" : 1669734690,
  "timestamp_ms" : 1669734690174,
  "time" : "Tue Nov 29 16:11:30 2022",
  "jobs" : [
    {
      "jobname" : "qd4",
      "groupid" : 0,
      "error" : 0,
      "eta" : 0,
      "elapsed" : 41,
      "job options" : {
        "name" : "qd4",
        "filename" : "trtype=PCIe traddr=0000.86.00.0 ns=1",
        "size" : "40G",
        "ioengine" : "spdk",
        "iodepth" : "4",
        "rw" : "write",
        "bs" : "4k",
        "direct" : "1",
        "time_based" : "1",
        "runtime" : "30s",
        "ramp_time" : "10s",
        "group_reporting" : "1",
        "thread" : "1",
        "ioscheduler" : "mq-deadline"
      },
      "read" : {
        "io_bytes" : 0,
        "io_kbytes" : 0,
        "bw_bytes" : 0,
        "bw" : 0,
        "iops" : 0.000000,
        "runtime" : 0,
        "total_ios" : 0,
        "short_ios" : 0,
        "drop_ios" : 0,
        "slat_ns" : {
          "min" : 0,
          "max" : 0,
          "mean" : 0.000000,
          "stddev" : 0.000000,
          "N" : 0
        },
        "clat_ns" : {
          "min" : 0,
          "max" : 0,
          "mean" : 0.000000,
          "stddev" : 0.000000,
          "N" : 0
        },
        "lat_ns" : {
          "min" : 0,
          "max" : 0,
          "mean" : 0.000000,
          "stddev" : 0.000000,
          "N" : 0
        },
        "bw_min" : 0,
        "bw_max" : 0,
        "bw_agg" : 0.000000,
        "bw_mean" : 0.000000,
        "bw_dev" : 0.000000,
        "bw_samples" : 0,
        "iops_min" : 0,
        "iops_max" : 0,
        "iops_mean" : 0.000000,
        "iops_stddev" : 0.000000,
        "iops_samples" : 0
      },
      "write" : {
        "io_bytes" : 36589735936,
        "io_kbytes" : 35732164,
        "bw_bytes" : 1219617210,
        "bw" : 1191032,
        "iops" : 297757.974734,
        "runtime" : 30001,
        "total_ios" : 8933037,
        "short_ios" : 0,
        "drop_ios" : 0,
        "slat_ns" : {
          "min" : 127,
          "max" : 16447,
          "mean" : 164.376044,
          "stddev" : 53.788563,
          "N" : 8933038
        },
        "clat_ns" : {
          "min" : 8767,
          "max" : 2607040,
          "mean" : 12952.038862,
          "stddev" : 12371.392661,
          "N" : 8933040,
          "percentile" : {
            "1.000000" : 9152,
            "5.000000" : 9536,
            "10.000000" : 9920,
            "20.000000" : 10304,
            "30.000000" : 10816,
            "40.000000" : 11328,
            "50.000000" : 11840,
            "60.000000" : 12480,
            "70.000000" : 13248,
            "80.000000" : 14400,
            "90.000000" : 16768,
            "95.000000" : 19072,
            "99.000000" : 25216,
            "99.500000" : 31872,
            "99.900000" : 59648,
            "99.950000" : 75264,
            "99.990000" : 346112
          }
        },
        "lat_ns" : {
          "min" : 8915,
          "max" : 2607201,
          "mean" : 13116.414905,
          "stddev" : 12371.469989,
          "N" : 8933040
        },
        "bw_min" : 1180384,
        "bw_max" : 1203792,
        "bw_agg" : 100.000000,
        "bw_mean" : 1191388.366667,
        "bw_dev" : 5160.810884,
        "bw_samples" : 60,
        "iops_min" : 295096,
        "iops_max" : 300948,
        "iops_mean" : 297847.166667,
        "iops_stddev" : 1290.127706,
        "iops_samples" : 60
      },
      "trim" : {
        "io_bytes" : 0,
        "io_kbytes" : 0,
        "bw_bytes" : 0,
        "bw" : 0,
        "iops" : 0.000000,
        "runtime" : 0,
        "total_ios" : 0,
        "short_ios" : 0,
        "drop_ios" : 0,
        "slat_ns" : {
          "min" : 0,
          "max" : 0,
          "mean" : 0.000000,
          "stddev" : 0.000000,
          "N" : 0
        },
        "clat_ns" : {
          "min" : 0,
          "max" : 0,
          "mean" : 0.000000,
          "stddev" : 0.000000,
          "N" : 0
        },
        "lat_ns" : {
          "min" : 0,
          "max" : 0,
          "mean" : 0.000000,
          "stddev" : 0.000000,
          "N" : 0
        },
        "bw_min" : 0,
        "bw_max" : 0,
        "bw_agg" : 0.000000,
        "bw_mean" : 0.000000,
        "bw_dev" : 0.000000,
        "bw_samples" : 0,
        "iops_min" : 0,
        "iops_max" : 0,
        "iops_mean" : 0.000000,
        "iops_stddev" : 0.000000,
        "iops_samples" : 0
      },
      "sync" : {
        "total_ios" : 0,
        "lat_ns" : {
          "min" : 0,
          "max" : 0,
          "mean" : 0.000000,
          "stddev" : 0.000000,
          "N" : 0
        }
      },
      "job_runtime" : 30000,
      "usr_cpu" : 100.000000,
      "sys_cpu" : 0.000000,
      "ctx" : 51,
      "majf" : 0,
      "minf" : 79,
      "iodepth_level" : {
        "1" : 0.000000,
        "2" : 0.000000,
        "4" : 100.000000,
        "8" : 0.000000,
        "16" : 0.000000,
        "32" : 0.000000,
        ">=64" : 0.000000
      },
      "iodepth_submit" : {
        "0" : 0.000000,
        "4" : 100.000000,
        "8" : 0.000000,
        "16" : 0.000000,
        "32" : 0.000000,
        "64" : 0.000000,
        ">=64" : 0.000000
      },
      "iodepth_complete" : {
        "0" : 0.000000,
        "4" : 100.000000,
        "8" : 0.000000,
        "16" : 0.000000,
        "32" : 0.000000,
        "64" : 0.000000,
        ">=64" : 0.000000
      },
      "latency_ns" : {
        "2" : 0.000000,
        "4" : 0.000000,
        "10" : 0.000000,
        "20" : 0.000000,
        "50" : 0.000000,
        "100" : 0.000000,
        "250" : 0.000000,
        "500" : 0.000000,
        "750" : 0.000000,
        "1000" : 0.000000
      },
      "latency_us" : {
        "2" : 0.000000,
        "4" : 0.000000,
        "10" : 11.871024,
        "20" : 84.198689,
        "50" : 3.723493,
        "100" : 0.182256,
        "250" : 0.013512,
        "500" : 0.010000,
        "750" : 0.010000,
        "1000" : 0.010000
      },
      "latency_ms" : {
        "2" : 0.010000,
        "4" : 0.010000,
        "10" : 0.000000,
        "20" : 0.000000,
        "50" : 0.000000,
        "100" : 0.000000,
        "250" : 0.000000,
        "500" : 0.000000,
        "750" : 0.000000,
        "1000" : 0.000000,
        "2000" : 0.000000,
        ">=2000" : 0.000000
      },
      "latency_depth" : 4,
      "latency_target" : 0,
      "latency_percentile" : 100.000000,
      "latency_window" : 0
    }
  ]
}
