{
  "fio version" : "fio-3.32",
  "timestamp" : 1674139134,
  "timestamp_ms" : 1674139134729,
  "time" : "Thu Jan 19 15:38:54 2023",
  "global options" : {
    "direct" : "1",
    "thread" : "1",
    "time_based" : "1",
    "ramp_time" : "10s",
    "runtime" : "1m",
    "percentile_list" : "1:5:10:20:30:40:50:60:70:80:90:95:98:99:99.9:99.99:99.999:100",
    "numa_cpu_nodes" : "1",
    "numa_mem_policy" : "bind:1",
    "zonemode" : "zbd",
    "max_open_zones" : "14",
    "ioengine" : "spdk",
    "filename" : "trtype=PCIe traddr=0000.88.00.0 ns=2"
  },
  "jobs" : [
    {
      "jobname" : "read_4096",
      "groupid" : 0,
      "error" : 0,
      "eta" : 0,
      "elapsed" : 71,
      "job options" : {
        "iodepth" : "256",
        "bs" : "4096",
        "rw" : "randread",
        "norandommap" : "1",
        "size" : "1z",
        "offset" : "199z",
        "flow" : "95"
      },
      "read" : {
        "io_bytes" : 28738076672,
        "io_kbytes" : 28064528,
        "bw_bytes" : 478951979,
        "bw" : 467726,
        "iops" : 116931.352288,
        "runtime" : 60002,
        "total_ios" : 7016115,
        "short_ios" : 0,
        "drop_ios" : 0,
        "slat_ns" : {
          "min" : 91,
          "max" : 20048,
          "mean" : 129.768288,
          "stddev" : 36.757794,
          "N" : 7016115
        },
        "clat_ns" : {
          "min" : 45888,
          "max" : 3351724,
          "mean" : 229017.890712,
          "stddev" : 116998.099955,
          "N" : 7016115,
          "percentile" : {
            "1.000000" : 101888,
            "5.000000" : 114176,
            "10.000000" : 124416,
            "20.000000" : 144384,
            "30.000000" : 168960,
            "40.000000" : 187392,
            "50.000000" : 205824,
            "60.000000" : 228352,
            "70.000000" : 250880,
            "80.000000" : 284672,
            "90.000000" : 346112,
            "95.000000" : 407552,
            "98.000000" : 544768,
            "99.000000" : 716800,
            "99.900000" : 1204224,
            "99.990000" : 1712128,
            "99.999000" : 2539520,
            "100.000000" : 3358720
          }
        },
        "lat_ns" : {
          "min" : 46023,
          "max" : 3351838,
          "mean" : 229147.659000,
          "stddev" : 116997.278787,
          "N" : 7016115
        },
        "bw_min" : 449304,
        "bw_max" : 575304,
        "bw_agg" : 100.000000,
        "bw_mean" : 467896.016667,
        "bw_dev" : 11714.298737,
        "bw_samples" : 120,
        "iops_min" : 112326,
        "iops_max" : 143826,
        "iops_mean" : 116974.008333,
        "iops_stddev" : 2928.554499,
        "iops_samples" : 120
      },
      "write" : {
        "io_bytes" : 0,
        "io_kbytes" : 0,
        "bw_bytes" : 0,
        "bw" : 0,
        "iops" : 0.000000,
        "runtime" : 0,
        "total_ios" : 0,
        "short_ios" : 0,
        "drop_ios" : 0,
        "slat_ns" : {
          "min" : 0,
          "max" : 0,
          "mean" : 0.000000,
          "stddev" : 0.000000,
          "N" : 0
        },
        "clat_ns" : {
          "min" : 0,
          "max" : 0,
          "mean" : 0.000000,
          "stddev" : 0.000000,
          "N" : 0
        },
        "lat_ns" : {
          "min" : 0,
          "max" : 0,
          "mean" : 0.000000,
          "stddev" : 0.000000,
          "N" : 0
        },
        "bw_min" : 0,
        "bw_max" : 0,
        "bw_agg" : 0.000000,
        "bw_mean" : 0.000000,
        "bw_dev" : 0.000000,
        "bw_samples" : 0,
        "iops_min" : 0,
        "iops_max" : 0,
        "iops_mean" : 0.000000,
        "iops_stddev" : 0.000000,
        "iops_samples" : 0
      },
      "trim" : {
        "io_bytes" : 0,
        "io_kbytes" : 0,
        "bw_bytes" : 0,
        "bw" : 0,
        "iops" : 0.000000,
        "runtime" : 0,
        "total_ios" : 0,
        "short_ios" : 0,
        "drop_ios" : 0,
        "slat_ns" : {
          "min" : 0,
          "max" : 0,
          "mean" : 0.000000,
          "stddev" : 0.000000,
          "N" : 0
        },
        "clat_ns" : {
          "min" : 0,
          "max" : 0,
          "mean" : 0.000000,
          "stddev" : 0.000000,
          "N" : 0
        },
        "lat_ns" : {
          "min" : 0,
          "max" : 0,
          "mean" : 0.000000,
          "stddev" : 0.000000,
          "N" : 0
        },
        "bw_min" : 0,
        "bw_max" : 0,
        "bw_agg" : 0.000000,
        "bw_mean" : 0.000000,
        "bw_dev" : 0.000000,
        "bw_samples" : 0,
        "iops_min" : 0,
        "iops_max" : 0,
        "iops_mean" : 0.000000,
        "iops_stddev" : 0.000000,
        "iops_samples" : 0
      },
      "sync" : {
        "total_ios" : 0,
        "lat_ns" : {
          "min" : 0,
          "max" : 0,
          "mean" : 0.000000,
          "stddev" : 0.000000,
          "N" : 0
        }
      },
      "job_runtime" : 60001,
      "usr_cpu" : 100.005000,
      "sys_cpu" : 0.000000,
      "ctx" : 45,
      "majf" : 0,
      "minf" : 0,
      "iodepth_level" : {
        "1" : 1.229512,
        "2" : 2.459025,
        "4" : 4.918049,
        "8" : 9.836099,
        "16" : 19.671855,
        "32" : 39.325125,
        ">=64" : 22.560334
      },
      "iodepth_submit" : {
        "0" : 0.000000,
        "4" : 100.000000,
        "8" : 0.000000,
        "16" : 0.000000,
        "32" : 0.000000,
        "64" : 0.000000,
        ">=64" : 0.000000
      },
      "iodepth_complete" : {
        "0" : 0.000000,
        "4" : 99.999993,
        "8" : 0.000000,
        "16" : 0.000000,
        "32" : 0.000000,
        "64" : 0.000000,
        ">=64" : 0.100000
      },
      "latency_ns" : {
        "2" : 0.000000,
        "4" : 0.000000,
        "10" : 0.000000,
        "20" : 0.000000,
        "50" : 0.000000,
        "100" : 0.000000,
        "250" : 0.000000,
        "500" : 0.000000,
        "750" : 0.000000,
        "1000" : 0.000000
      },
      "latency_us" : {
        "2" : 0.000000,
        "4" : 0.000000,
        "10" : 0.000000,
        "20" : 0.000000,
        "50" : 0.010000,
        "100" : 0.382519,
        "250" : 69.019750,
        "500" : 28.037639,
        "750" : 1.718529,
        "1000" : 0.584782
      },
      "latency_ms" : {
        "2" : 0.252262,
        "4" : 0.010000,
        "10" : 0.000000,
        "20" : 0.000000,
        "50" : 0.000000,
        "100" : 0.000000,
        "250" : 0.000000,
        "500" : 0.000000,
        "750" : 0.000000,
        "1000" : 0.000000,
        "2000" : 0.000000,
        ">=2000" : 0.000000
      },
      "latency_depth" : 256,
      "latency_target" : 0,
      "latency_percentile" : 100.000000,
      "latency_window" : 0
    },
    {
      "jobname" : "write_256_4096",
      "groupid" : 0,
      "error" : 0,
      "eta" : 0,
      "elapsed" : 71,
      "job options" : {
        "iodepth" : "32",
        "bs" : "8192",
        "rw" : "write",
        "size" : "1z",
        "offset" : "200z",
        "flow" : "5",
        "zone_append" : "1"
      },
      "read" : {
        "io_bytes" : 0,
        "io_kbytes" : 0,
        "bw_bytes" : 0,
        "bw" : 0,
        "iops" : 0.000000,
        "runtime" : 0,
        "total_ios" : 0,
        "short_ios" : 0,
        "drop_ios" : 0,
        "slat_ns" : {
          "min" : 0,
          "max" : 0,
          "mean" : 0.000000,
          "stddev" : 0.000000,
          "N" : 0
        },
        "clat_ns" : {
          "min" : 0,
          "max" : 0,
          "mean" : 0.000000,
          "stddev" : 0.000000,
          "N" : 0
        },
        "lat_ns" : {
          "min" : 0,
          "max" : 0,
          "mean" : 0.000000,
          "stddev" : 0.000000,
          "N" : 0
        },
        "bw_min" : 0,
        "bw_max" : 0,
        "bw_agg" : 0.000000,
        "bw_mean" : 0.000000,
        "bw_dev" : 0.000000,
        "bw_samples" : 0,
        "iops_min" : 0,
        "iops_max" : 0,
        "iops_mean" : 0.000000,