{
  "fio version" : "fio-3.32",
  "timestamp" : 1673877307,
  "timestamp_ms" : 1673877307956,
  "time" : "Mon Jan 16 14:55:07 2023",
  "global options" : {
    "rw" : "read",
    "direct" : "1",
    "group_reporting" : "1",
    "thread" : "1",
    "time_based" : "1",
    "ramp_time" : "10s",
    "runtime" : "3m",
    "percentile_list" : "1:5:10:20:30:40:50:60:70:80:90:95:98:99:99.9:99.99:99.999:100",
    "numa_cpu_nodes" : "1",
    "numa_mem_policy" : "bind:1",
    "size" : "100z",
    "zonemode" : "zbd",
    "max_open_zones" : "14",
    "ioengine" : "spdk",
    "filename" : "trtype=PCIe traddr=0000.88.00.0 ns=2"
  },
  "jobs" : [
    {
      "jobname" : "qd16",
      "groupid" : 0,
      "error" : 0,
      "eta" : 0,
      "elapsed" : 191,
      "job options" : {
        "iodepth" : "16",
        "numjobs" : "4",
        "bs" : "4096",
        "offset_increment" : "100z",
        "job_max_open_zones" : "1"
      },
      "read" : {
        "io_bytes" : 172480397312,
        "io_kbytes" : 168437888,
        "bw_bytes" : 958219106,
        "bw" : 935760,
        "iops" : 233939.878112,
        "runtime" : 180001,
        "total_ios" : 42109412,
        "short_ios" : 0,
        "drop_ios" : 0,
        "slat_ns" : {
          "min" : 130,
          "max" : 29270,
          "mean" : 155.941699,
          "stddev" : 36.103099,
          "N" : 42109412
        },
        "clat_ns" : {
          "min" : 22918,
          "max" : 3096926,
          "mean" : 273069.727928,
          "stddev" : 199827.556464,
          "N" : 42109472,
          "percentile" : {
            "1.000000" : 58624,
            "5.000000" : 72192,
            "10.000000" : 85504,
            "20.000000" : 115200,
            "30.000000" : 152576,
            "40.000000" : 207872,
            "50.000000" : 240640,
            "60.000000" : 284672,
            "70.000000" : 333824,
            "80.000000" : 362496,
            "90.000000" : 436224,
            "95.000000" : 610304,
            "98.000000" : 921600,
            "99.000000" : 1122304,
            "99.900000" : 1662976,
            "99.990000" : 2179072,
            "99.999000" : 2539520,
            "100.000000" : 3096576
          }
        },
        "lat_ns" : {
          "min" : 23079,
          "max" : 3097095,
          "mean" : 273225.669630,
          "stddev" : 199828.401255,
          "N" : 42109472
        },
        "bw_min" : 871191,
        "bw_max" : 987048,
        "bw_agg" : 100.000000,
        "bw_mean" : 936001.200000,
        "bw_dev" : 5151.712503,
        "bw_samples" : 1440,
        "iops_min" : 217797,
        "iops_max" : 246762,
        "iops_mean" : 234000.091667,
        "iops_stddev" : 1287.912206,
        "iops_samples" : 1440
      },
      "write" : {
        "io_bytes" : 0,
        "io_kbytes" : 0,
        "bw_bytes" : 0,
        "bw" : 0,
        "iops" : 0.000000,
        "runtime" : 0,
        "total_ios" : 0,
        "short_ios" : 0,
        "drop_ios" : 0,
        "slat_ns" : {
          "min" : 0,
          "max" : 0,
          "mean" : 0.000000,
          "stddev" : 0.000000,
          "N" : 0
        },
        "clat_ns" : {
          "min" : 0,
          "max" : 0,
          "mean" : 0.000000,
          "stddev" : 0.000000,
          "N" : 0
        },
        "lat_ns" : {
          "min" : 0,
          "max" : 0,
          "mean" : 0.000000,
          "stddev" : 0.000000,
          "N" : 0
        },
        "bw_min" : 0,
        "bw_max" : 0,
        "bw_agg" : 0.000000,
        "bw_mean" : 0.000000,
        "bw_dev" : 0.000000,
        "bw_samples" : 0,
        "iops_min" : 0,
        "iops_max" : 0,
        "iops_mean" : 0.000000,
        "iops_stddev" : 0.000000,
        "iops_samples" : 0
      },
      "trim" : {
        "io_bytes" : 0,
        "io_kbytes" : 0,
        "bw_bytes" : 0,
        "bw" : 0,
        "iops" : 0.000000,
        "runtime" : 0,
        "total_ios" : 0,
        "short_ios" : 0,
        "drop_ios" : 0,
        "slat_ns" : {
          "min" : 0,
          "max" : 0,
          "mean" : 0.000000,
          "stddev" : 0.000000,
          "N" : 0
        },
        "clat_ns" : {
          "min" : 0,
          "max" : 0,
          "mean" : 0.000000,
          "stddev" : 0.000000,
          "N" : 0
        },
        "lat_ns" : {
          "min" : 0,
          "max" : 0,
          "mean" : 0.000000,
          "stddev" : 0.000000,
          "N" : 0
        },
        "bw_min" : 0,
        "bw_max" : 0,
        "bw_agg" : 0.000000,
        "bw_mean" : 0.000000,
        "bw_dev" : 0.000000,
        "bw_samples" : 0,
        "iops_min" : 0,
        "iops_max" : 0,
        "iops_mean" : 0.000000,
        "iops_stddev" : 0.000000,
        "iops_samples" : 0
      },
      "sync" : {
        "total_ios" : 0,
        "lat_ns" : {
          "min" : 0,
          "max" : 0,
          "mean" : 0.000000,
          "stddev" : 0.000000,
          "N" : 0
        }
      },
      "job_runtime" : 720000,
      "usr_cpu" : 99.999861,
      "sys_cpu" : 0.000000,
      "ctx" : 674,
      "majf" : 0,
      "minf" : 0,
      "iodepth_level" : {
        "1" : 0.000000,
        "2" : 0.000000,
        "4" : 0.000000,
        "8" : 0.000000,
        "16" : 100.000000,
        "32" : 0.000000,
        ">=64" : 0.000000
      },
      "iodepth_submit" : {
        "0" : 0.000000,
        "4" : 100.000000,
        "8" : 0.000000,
        "16" : 0.000000,
        "32" : 0.000000,
        "64" : 0.000000,
        ">=64" : 0.000000
      },
      "iodepth_complete" : {
        "0" : 0.000000,
        "4" : 99.999995,
        "8" : 0.000000,
        "16" : 0.100000,
        "32" : 0.000000,
        "64" : 0.000000,
        ">=64" : 0.000000
      },
      "latency_ns" : {
        "2" : 0.000000,
        "4" : 0.000000,
        "10" : 0.000000,
        "20" : 0.000000,
        "50" : 0.000000,
        "100" : 0.000000,
        "250" : 0.000000,
        "500" : 0.000000,
        "750" : 0.000000,
        "1000" : 0.000000
      },
      "latency_us" : {
        "2" : 0.000000,
        "4" : 0.000000,
        "10" : 0.000000,
        "20" : 0.000000,
        "50" : 0.658190,
        "100" : 13.659013,
        "250" : 39.020694,
        "500" : 39.951681,
        "750" : 3.152737,
        "1000" : 2.029746
      },
      "latency_ms" : {
        "2" : 1.505476,
        "4" : 0.022605,
        "10" : 0.000000,
        "20" : 0.000000,
        "50" : 0.000000,
        "100" : 0.000000,
        "250" : 0.000000,
        "500" : 0.000000,
        "750" : 0.000000,
        "1000" : 0.000000,
        "2000" : 0.000000,
        ">=2000" : 0.000000
      },
      "latency_depth" : 16,
      "latency_target" : 0,
      "latency_percentile" : 100.000000,
      "latency_window" : 0
    }
  ]
}
