{
  "fio version" : "fio-3.32",
  "timestamp" : 1674653677,
  "timestamp_ms" : 1674653677099,
  "time" : "Wed Jan 25 14:34:37 2023",
  "global options" : {
    "rw" : "randread",
    "norandommap" : "1",
    "direct" : "1",
    "group_reporting" : "1",
    "thread" : "1",
    "time_based" : "1",
    "ramp_time" : "10s",
    "runtime" : "3m",
    "percentile_list" : "1:5:10:20:30:40:50:60:70:80:90:95:98:99:99.9:99.99:99.999:100",
    "numa_cpu_nodes" : "1",
    "numa_mem_policy" : "bind:1",
    "offset" : "0z",
    "size" : "1z",
    "zonemode" : "zbd",
    "max_open_zones" : "14",
    "ioengine" : "spdk",
    "filename" : "trtype=PCIe traddr=0000.88.00.0 ns=2"
  },
  "jobs" : [
    {
      "jobname" : "qd256",
      "groupid" : 0,
      "error" : 0,
      "eta" : 0,
      "elapsed" : 191,
      "job options" : {
        "iodepth" : "256",
        "numjobs" : "1",
        "bs" : "4096",
        "offset_increment" : "1z",
        "job_max_open_zones" : "1"
      },
      "read" : {
        "io_bytes" : 322468311040,
        "io_kbytes" : 314910460,
        "bw_bytes" : 1791470711,
        "bw" : 1749483,
        "iops" : 437369.362563,
        "runtime" : 180002,
        "total_ios" : 78727360,
        "short_ios" : 0,
        "drop_ios" : 0,
        "slat_ns" : {
          "min" : 90,
          "max" : 31012,
          "mean" : 99.009862,
          "stddev" : 17.841378,
          "N" : 78727360
        },
        "clat_ns" : {
          "min" : 170196,
          "max" : 4072446,
          "mean" : 584969.707643,
          "stddev" : 307843.768668,
          "N" : 78727615,
          "percentile" : {
            "1.000000" : 248832,
            "5.000000" : 280576,
            "10.000000" : 305152,
            "20.000000" : 346112,
            "30.000000" : 387072,
            "40.000000" : 436224,
            "50.000000" : 493568,
            "60.000000" : 561152,
            "70.000000" : 651264,
            "80.000000" : 782336,
            "90.000000" : 995328,
            "95.000000" : 1204224,
            "98.000000" : 1482752,
            "99.000000" : 1679360,
            "99.900000" : 2277376,
            "99.990000" : 2834432,
            "99.999000" : 3293184,
            "100.000000" : 4079616
          }
        },
        "lat_ns" : {
          "min" : 170292,
          "max" : 4072540,
          "mean" : 585068.717505,
          "stddev" : 307843.767587,
          "N" : 78727615
        },
        "bw_min" : 1698704,
        "bw_max" : 1759520,
        "bw_agg" : 100.000000,
        "bw_mean" : 1749885.113889,
        "bw_dev" : 6500.291096,
        "bw_samples" : 360,
        "iops_min" : 424676,
        "iops_max" : 439880,
        "iops_mean" : 437471.294444,
        "iops_stddev" : 1625.045287,
        "iops_samples" : 360
      },
      "write" : {
        "io_bytes" : 0,
        "io_kbytes" : 0,
        "bw_bytes" : 0,
        "bw" : 0,
        "iops" : 0.000000,
        "runtime" : 0,
        "total_ios" : 0,
        "short_ios" : 0,
        "drop_ios" : 0,
        "slat_ns" : {
          "min" : 0,
          "max" : 0,
          "mean" : 0.000000,
          "stddev" : 0.000000,
          "N" : 0
        },
        "clat_ns" : {
          "min" : 0,
          "max" : 0,
          "mean" : 0.000000,
          "stddev" : 0.000000,
          "N" : 0
        },
        "lat_ns" : {
          "min" : 0,
          "max" : 0,
          "mean" : 0.000000,
          "stddev" : 0.000000,
          "N" : 0
        },
        "bw_min" : 0,
        "bw_max" : 0,
        "bw_agg" : 0.000000,
        "bw_mean" : 0.000000,
        "bw_dev" : 0.000000,
        "bw_samples" : 0,
        "iops_min" : 0,
        "iops_max" : 0,
        "iops_mean" : 0.000000,
        "iops_stddev" : 0.000000,
        "iops_samples" : 0
      },
      "trim" : {
        "io_bytes" : 0,
        "io_kbytes" : 0,
        "bw_bytes" : 0,
        "bw" : 0,
        "iops" : 0.000000,
        "runtime" : 0,
        "total_ios" : 0,
        "short_ios" : 0,
        "drop_ios" : 0,
        "slat_ns" : {
          "min" : 0,
          "max" : 0,
          "mean" : 0.000000,
          "stddev" : 0.000000,
          "N" : 0
        },
        "clat_ns" : {
          "min" : 0,
          "max" : 0,
          "mean" : 0.000000,
          "stddev" : 0.000000,
          "N" : 0
        },
        "lat_ns" : {
          "min" : 0,
          "max" : 0,
          "mean" : 0.000000,
          "stddev" : 0.000000,
          "N" : 0
        },
        "bw_min" : 0,
        "bw_max" : 0,
        "bw_agg" : 0.000000,
        "bw_mean" : 0.000000,
        "bw_dev" : 0.000000,
        "bw_samples" : 0,
        "iops_min" : 0,
        "iops_max" : 0,
        "iops_mean" : 0.000000,
        "iops_stddev" : 0.000000,
        "iops_samples" : 0
      },
      "sync" : {
        "total_ios" : 0,
        "lat_ns" : {
          "min" : 0,
          "max" : 0,
          "mean" : 0.000000,
          "stddev" : 0.000000,
          "N" : 0
        }
      },
      "job_runtime" : 180001,
      "usr_cpu" : 99.999444,
      "sys_cpu" : 0.000000,
      "ctx" : 254,
      "majf" : 0,
      "minf" : 0,
      "iodepth_level" : {
        "1" : 0.000000,
        "2" : 0.000000,
        "4" : 0.000000,
        "8" : 0.000000,
        "16" : 0.000000,
        "32" : 0.000000,
        ">=64" : 100.000000
      },
      "iodepth_submit" : {
        "0" : 0.000000,
        "4" : 100.000000,
        "8" : 0.000000,
        "16" : 0.000000,
        "32" : 0.000000,
        "64" : 0.000000,
        ">=64" : 0.000000
      },
      "iodepth_complete" : {
        "0" : 0.000000,
        "4" : 99.999999,
        "8" : 0.000000,
        "16" : 0.000000,
        "32" : 0.000000,
        "64" : 0.000000,
        ">=64" : 0.100000
      },
      "latency_ns" : {
        "2" : 0.000000,
        "4" : 0.000000,
        "10" : 0.000000,
        "20" : 0.000000,
        "50" : 0.000000,
        "100" : 0.000000,
        "250" : 0.000000,
        "500" : 0.000000,
        "750" : 0.000000,
        "1000" : 0.000000
      },
      "latency_us" : {
        "2" : 0.000000,
        "4" : 0.000000,
        "10" : 0.000000,
        "20" : 0.000000,
        "50" : 0.000000,
        "100" : 0.000000,
        "250" : 1.048685,
        "500" : 50.244581,
        "750" : 26.789036,
        "1000" : 12.111138
      },
      "latency_ms" : {
        "2" : 9.498792,
        "4" : 0.308090,
        "10" : 0.010000,
        "20" : 0.000000,
        "50" : 0.000000,
        "100" : 0.000000,
        "250" : 0.000000,
        "500" : 0.000000,
        "750" : 0.000000,
        "1000" : 0.000000,
        "2000" : 0.000000,
        ">=2000" : 0.000000
      },
      "latency_depth" : 256,
      "latency_target" : 0,
      "latency_percentile" : 100.000000,
      "latency_window" : 0
    }
  ]
}
