{
  "fio version" : "fio-3.32",
  "timestamp" : 1674602534,
  "timestamp_ms" : 1674602534859,
  "time" : "Tue Jan 24 23:22:14 2023",
  "global options" : {
    "ioengine" : "io_uring",
    "fixedbufs" : "1",
    "sqthread_poll" : "1",
    "registerfiles" : "1",
    "direct" : "1",
    "offset" : "0",
    "size" : "100%",
    "filename" : "/dev/nvme6n2",
    "zonemode" : "zbd",
    "rw" : "randrw",
    "rwmixread" : "100",
    "thread" : "1",
    "time_based" : "1",
    "runtime" : "20m",
    "ramp_time" : "5"
  },
  "jobs" : [
    {
      "jobname" : "rw",
      "groupid" : 0,
      "error" : 0,
      "eta" : 0,
      "elapsed" : 1206,
      "job options" : {
        "name" : "rw",
        "iodepth" : "128",
        "numjobs" : "1",
        "bs" : "4096",
        "lat_percentiles" : "1",
        "percentile_list" : "50:75:90:95:99:99.9:99.999"
      },
      "read" : {
        "io_bytes" : 2150890332160,
        "io_kbytes" : 2100478840,
        "bw_bytes" : 1792407116,
        "bw" : 1750397,
        "iops" : 437599.287834,
        "runtime" : 1200001,
        "total_ios" : 525119583,
        "short_ios" : 0,
        "drop_ios" : 0,
        "slat_ns" : {
          "min" : 0,
          "max" : 0,
          "mean" : 0.000000,
          "stddev" : 0.000000,
          "N" : 0
        },
        "clat_ns" : {
          "min" : 5160329359,
          "max" : 1205160971071,
          "mean" : 604965255644.846924,
          "stddev" : 346443947844.098755,
          "N" : 525119710,
          "percentile" : {
            "50.000000" : 17112760320,
            "75.000000" : 17112760320,
            "90.000000" : 17112760320,
            "95.000000" : 17112760320,
            "99.000000" : 17112760320,
            "99.900000" : 17112760320,
            "99.999000" : 17112760320
          }
        },
        "lat_ns" : {
          "min" : 10393,
          "max" : 16453891,
          "mean" : 291920.107904,
          "stddev" : 138522.802913,
          "N" : 525119710,
          "percentile" : {
            "50.000000" : 234496,
            "75.000000" : 317440,
            "90.000000" : 468992,
            "95.000000" : 585728,
            "99.000000" : 839680,
            "99.900000" : 1187840,
            "99.999000" : 1892352
          }
        },
        "bw_min" : 1619272,
        "bw_max" : 1762168,
        "bw_agg" : 100.000000,
        "bw_mean" : 1750736.143750,
        "bw_dev" : 6355.598018,
        "bw_samples" : 2400,
        "iops_min" : 404818,
        "iops_max" : 440542,
        "iops_mean" : 437683.998750,
        "iops_stddev" : 1588.897916,
        "iops_samples" : 2400
      },
      "write" : {
        "io_bytes" : 0,
        "io_kbytes" : 0,
        "bw_bytes" : 0,
        "bw" : 0,
        "iops" : 0.000000,
        "runtime" : 0,
        "total_ios" : 0,
        "short_ios" : 0,
        "drop_ios" : 0,
        "slat_ns" : {
          "min" : 0,
          "max" : 0,
          "mean" : 0.000000,
          "stddev" : 0.000000,
          "N" : 0
        },
        "clat_ns" : {
          "min" : 0,
          "max" : 0,
          "mean" : 0.000000,
          "stddev" : 0.000000,
          "N" : 0
        },
        "lat_ns" : {
          "min" : 0,
          "max" : 0,
          "mean" : 0.000000,
          "stddev" : 0.000000,
          "N" : 0
        },
        "bw_min" : 0,
        "bw_max" : 0,
        "bw_agg" : 0.000000,
        "bw_mean" : 0.000000,
        "bw_dev" : 0.000000,
        "bw_samples" : 0,
        "iops_min" : 0,
        "iops_max" : 0,
        "iops_mean" : 0.000000,
        "iops_stddev" : 0.000000,
        "iops_samples" : 0
      },
      "trim" : {
        "io_bytes" : 0,
        "io_kbytes" : 0,
        "bw_bytes" : 0,
        "bw" : 0,
        "iops" : 0.000000,
        "runtime" : 0,
        "total_ios" : 0,
        "short_ios" : 0,
        "drop_ios" : 0,
        "slat_ns" : {
          "min" : 0,
          "max" : 0,
          "mean" : 0.000000,
          "stddev" : 0.000000,
          "N" : 0
        },
        "clat_ns" : {
          "min" : 0,
          "max" : 0,
          "mean" : 0.000000,
          "stddev" : 0.000000,
          "N" : 0
        },
        "lat_ns" : {
          "min" : 0,
          "max" : 0,
          "mean" : 0.000000,
          "stddev" : 0.000000,
          "N" : 0
        },
        "bw_min" : 0,
        "bw_max" : 0,
        "bw_agg" : 0.000000,
        "bw_mean" : 0.000000,
        "bw_dev" : 0.000000,
        "bw_samples" : 0,
        "iops_min" : 0,
        "iops_max" : 0,
        "iops_mean" : 0.000000,
        "iops_stddev" : 0.000000,
        "iops_samples" : 0
      },
      "sync" : {
        "total_ios" : 0,
        "lat_ns" : {
          "min" : 0,
          "max" : 0,
          "mean" : 0.000000,
          "stddev" : 0.000000,
          "N" : 0
        }
      },
      "job_runtime" : 1200000,
      "usr_cpu" : 99.928583,
      "sys_cpu" : 0.005917,
      "ctx" : 128210,
      "majf" : 0,
      "minf" : 0,
      "iodepth_level" : {
        "1" : 0.000000,
        "2" : 0.000000,
        "4" : 0.000000,
        "8" : 0.000000,
        "16" : 0.000000,
        "32" : 0.000000,
        ">=64" : 100.000000
      },
      "iodepth_submit" : {
        "0" : 0.000000,
        "4" : 0.000000,
        "8" : 0.000000,
        "16" : 0.000000,
        "32" : 0.000000,
        "64" : 0.000000,
        ">=64" : 0.000000
      },
      "iodepth_complete" : {
        "0" : 0.000000,
        "4" : 100.000000,
        "8" : 0.000000,
        "16" : 0.000000,
        "32" : 0.000000,
        "64" : 0.000000,
        ">=64" : 0.100000
      },
      "latency_ns" : {
        "2" : 0.000000,
        "4" : 0.000000,
        "10" : 0.000000,
        "20" : 0.000000,
        "50" : 0.000000,
        "100" : 0.000000,
        "250" : 0.000000,
        "500" : 0.000000,
        "750" : 0.000000,
        "1000" : 0.000000
      },
      "latency_us" : {
        "2" : 0.000000,
        "4" : 0.000000,
        "10" : 0.000000,
        "20" : 0.000000,
        "50" : 0.000000,
        "100" : 0.000000,
        "250" : 0.000000,
        "500" : 0.000000,
        "750" : 0.000000,
        "1000" : 0.000000
      },
      "latency_ms" : {
        "2" : 0.000000,
        "4" : 0.000000,
        "10" : 0.000000,
        "20" : 0.000000,
        "50" : 0.000000,
        "100" : 0.000000,
        "250" : 0.000000,
        "500" : 0.000000,
        "750" : 0.000000,
        "1000" : 0.000000,
        "2000" : 0.000000,
        ">=2000" : 100.000024
      },
      "latency_depth" : 128,
      "latency_target" : 0,
      "latency_percentile" : 100.000000,
      "latency_window" : 0
    }
  ],
  "disk_util" : [
    {
      "name" : "nvme6n2",
      "read_ios" : 527270762,
      "write_ios" : 0,
      "read_merges" : 2916,
      "write_merges" : 0,
      "read_ticks" : 125254365,
      "write_ticks" : 0,
      "in_queue" : 125254365,
      "util" : 100.000000
    }
  ]
}
