{
  "fio version" : "fio-3.32",
  "timestamp" : 1674793282,
  "timestamp_ms" : 1674793282433,
  "time" : "Fri Jan 27 04:21:22 2023",
  "global options" : {
    "ioengine" : "io_uring",
    "fixedbufs" : "1",
    "sqthread_poll" : "1",
    "registerfiles" : "1",
    "direct" : "1",
    "offset" : "0",
    "size" : "100%",
    "filename" : "/dev/nvme4n1",
    "rw" : "randrw",
    "rwmixread" : "50",
    "thread" : "1",
    "time_based" : "1",
    "runtime" : "20m",
    "ramp_time" : "5"
  },
  "jobs" : [
    {
      "jobname" : "rw",
      "groupid" : 0,
      "error" : 0,
      "eta" : 0,
      "elapsed" : 1206,
      "job options" : {
        "name" : "rw",
        "iodepth" : "64",
        "numjobs" : "1",
        "bs" : "4096",
        "lat_percentiles" : "1",
        "percentile_list" : "50:75:90:95:99:99.9:99.999"
      },
      "read" : {
        "io_bytes" : 581310844928,
        "io_kbytes" : 567686372,
        "bw_bytes" : 484425300,
        "bw" : 473071,
        "iops" : 118267.849777,
        "runtime" : 1200001,
        "total_ios" : 141921538,
        "short_ios" : 0,
        "drop_ios" : 0,
        "slat_ns" : {
          "min" : 0,
          "max" : 0,
          "mean" : 0.000000,
          "stddev" : 0.000000,
          "N" : 0
        },
        "clat_ns" : {
          "min" : 5135555436,
          "max" : 1205136291882,
          "mean" : 533171660265.120422,
          "stddev" : 327075190889.968323,
          "N" : 141921593,
          "percentile" : {
            "50.000000" : 17112760320,
            "75.000000" : 17112760320,
            "90.000000" : 17112760320,
            "95.000000" : 17112760320,
            "99.000000" : 17112760320,
            "99.900000" : 17112760320,
            "99.999000" : 17112760320
          }
        },
        "lat_ns" : {
          "min" : 25826,
          "max" : 7403584,
          "mean" : 415237.408807,
          "stddev" : 340843.639029,
          "N" : 141921593,
          "percentile" : {
            "50.000000" : 325632,
            "75.000000" : 528384,
            "90.000000" : 831488,
            "95.000000" : 1089536,
            "99.000000" : 1695744,
            "99.900000" : 2605056,
            "99.999000" : 4227072
          }
        },
        "bw_min" : 218064,
        "bw_max" : 594112,
        "bw_agg" : 100.000000,
        "bw_mean" : 473148.069167,
        "bw_dev" : 110883.681901,
        "bw_samples" : 2400,
        "iops_min" : 54516,
        "iops_max" : 148528,
        "iops_mean" : 118286.985833,
        "iops_stddev" : 27720.919464,
        "iops_samples" : 2400
      },
      "write" : {
        "io_bytes" : 581365174272,
        "io_kbytes" : 567739428,
        "bw_bytes" : 484470574,
        "bw" : 473115,
        "iops" : 118278.942268,
        "runtime" : 1200001,
        "total_ios" : 141934849,
        "short_ios" : 0,
        "drop_ios" : 0,
        "slat_ns" : {
          "min" : 0,
          "max" : 0,
          "mean" : 0.000000,
          "stddev" : 0.000000,
          "N" : 0
        },
        "clat_ns" : {
          "min" : 5135552817,
          "max" : 1205136291882,
          "mean" : 533149703849.951416,
          "stddev" : 327067787953.550110,
          "N" : 141934857,
          "percentile" : {
            "50.000000" : 17112760320,
            "75.000000" : 17112760320,
            "90.000000" : 17112760320,
            "95.000000" : 17112760320,
            "99.000000" : 17112760320,
            "99.900000" : 17112760320,
            "99.999000" : 17112760320
          }
        },
        "lat_ns" : {
          "min" : 11641,
          "max" : 6484475,
          "mean" : 124898.689896,
          "stddev" : 177998.870460,
          "N" : 141934857,
          "percentile" : {
            "50.000000" : 32384,
            "75.000000" : 166912,
            "90.000000" : 387072,
            "95.000000" : 505856,
            "99.000000" : 749568,
            "99.900000" : 1204224,
            "99.999000" : 3522560
          }
        },
        "bw_min" : 221440,
        "bw_max" : 598672,
        "bw_agg" : 100.000000,
        "bw_mean" : 473192.367083,
        "bw_dev" : 110924.981902,
        "bw_samples" : 2400,
        "iops_min" : 55360,
        "iops_max" : 149668,
        "iops_mean" : 118298.059583,
        "iops_stddev" : 27731.246967,
        "iops_samples" : 2400
      },
      "trim" : {
        "io_bytes" : 0,
        "io_kbytes" : 0,
        "bw_bytes" : 0,
        "bw" : 0,
        "iops" : 0.000000,
        "runtime" : 0,
        "total_ios" : 0,
        "short_ios" : 0,
        "drop_ios" : 0,
        "slat_ns" : {
          "min" : 0,
          "max" : 0,
          "mean" : 0.000000,
          "stddev" : 0.000000,
          "N" : 0
        },
        "clat_ns" : {
          "min" : 0,
          "max" : 0,
          "mean" : 0.000000,
          "stddev" : 0.000000,
          "N" : 0
        },
        "lat_ns" : {
          "min" : 0,
          "max" : 0,
          "mean" : 0.000000,
          "stddev" : 0.000000,
          "N" : 0
        },
        "bw_min" : 0,
        "bw_max" : 0,
        "bw_agg" : 0.000000,
        "bw_mean" : 0.000000,
        "bw_dev" : 0.000000,
        "bw_samples" : 0,
        "iops_min" : 0,
        "iops_max" : 0,
        "iops_mean" : 0.000000,
        "iops_stddev" : 0.000000,
        "iops_samples" : 0
      },
      "sync" : {
        "total_ios" : 0,
        "lat_ns" : {
          "min" : 0,
          "max" : 0,
          "mean" : 0.000000,
          "stddev" : 0.000000,
          "N" : 0
        }
      },
      "job_runtime" : 1200000,
      "usr_cpu" : 99.940667,
      "sys_cpu" : 0.000917,
      "ctx" : 128866,
      "majf" : 0,
      "minf" : 0,
      "iodepth_level" : {
        "1" : 0.000000,
        "2" : 0.000000,
        "4" : 0.000000,
        "8" : 0.000000,
        "16" : 0.000000,
        "32" : 0.000000,
        ">=64" : 100.000000
      },
      "iodepth_submit" : {
        "0" : 0.000000,
        "4" : 0.000000,
        "8" : 0.000000,
        "16" : 0.000000,
        "32" : 0.000000,
        "64" : 0.000000,
        ">=64" : 0.000000
      },
      "iodepth_complete" : {
        "0" : 0.000000,
        "4" : 100.000000,
        "8" : 0.000000,
        "16" : 0.000000,
        "32" : 0.000000,
        "64" : 0.100000,
        ">=64" : 0.000000
      },
      "latency_ns" : {
        "2" : 0.000000,
        "4" : 0.000000,
        "10" : 0.000000,
        "20" : 0.000000,
        "50" : 0.000000,
        "100" : 0.000000,
        "250" : 0.000000,
        "500" : 0.000000,
        "750" : 0.000000,
        "1000" : 0.000000
      },
      "latency_us" : {
        "2" : 0.000000,
        "4" : 0.000000,
        "10" : 0.000000,
        "20" : 0.000000,
        "50" : 0.000000,
        "100" : 0.000000,
        "250" : 0.000000,
        "500" : 0.000000,
        "750" : 0.000000,
        "1000" : 0.000000
      },
      "latency_ms" : {
        "2" : 0.000000,
        "4" : 0.000000,
        "10" : 0.000000,
        "20" : 0.000000,
        "50" : 0.000000,
        "100" : 0.000000,
        "250" : 0.000000,
        "500" : 0.000000,
        "750" : 0.000000,
        "1000" : 0.000000,
        "2000" : 0.000000,
        ">=2000" : 100.000022
      },
      "latency_depth" : 64,
      "latency_target" : 0,
      "latency_percentile" : 100.000000,
      "latency_window" : 0
    }
  ],
  "disk_util" : [
    {
      "name" : "nvme4n1",
      "read_ios" : 142417127,
      "write_ios" : 142429754,
      "read_merges" : 129,
      "write_merges" : 80,
      "read_ticks" : 58307595,
      "write_ticks" : 16763334,
      "in_queue" : 75070929,
      "util" : 100.000000
    }
  ]
}
