{
  "fio version" : "fio-3.32",
  "timestamp" : 1674680731,
  "timestamp_ms" : 1674680731601,
  "time" : "Wed Jan 25 21:05:31 2023",
  "global options" : {
    "ioengine" : "io_uring",
    "fixedbufs" : "1",
    "sqthread_poll" : "1",
    "registerfiles" : "1",
    "direct" : "1",
    "filename" : "/dev/nvme6n2",
    "zonemode" : "zbd",
    "thread" : "1",
    "time_based" : "1",
    "runtime" : "20m",
    "ramp_time" : "5s",
    "iodepth" : "64",
    "numjobs" : "1",
    "bs" : "4096",
    "lat_percentiles" : "1",
    "percentile_list" : "50:75:90:95:99:99.9:99.999"
  },
  "jobs" : [
    {
      "jobname" : "read",
      "groupid" : 0,
      "error" : 0,
      "eta" : 0,
      "elapsed" : 1206,
      "job options" : {
        "name" : "read",
        "rw" : "randread",
        "offset" : "0",
        "size" : "1z",
        "flow" : "75"
      },
      "read" : {
        "io_bytes" : 1507512320,
        "io_kbytes" : 1472180,
        "bw_bytes" : 1256256,
        "bw" : 1226,
        "iops" : 306.698978,
        "runtime" : 1200004,
        "total_ios" : 368040,
        "short_ios" : 0,
        "drop_ios" : 0,
        "slat_ns" : {
          "min" : 0,
          "max" : 0,
          "mean" : 0.000000,
          "stddev" : 0.000000,
          "N" : 0
        },
        "clat_ns" : {
          "min" : 5141983829,
          "max" : 1205111150577,
          "mean" : 605101666310.995361,
          "stddev" : 346681034119.902710,
          "N" : 368040,
          "percentile" : {
            "50.000000" : 17112760320,
            "75.000000" : 17112760320,
            "90.000000" : 17112760320,
            "95.000000" : 17112760320,
            "99.000000" : 17112760320,
            "99.900000" : 17112760320,
            "99.999000" : 17112760320
          }
        },
        "lat_ns" : {
          "min" : 29213,
          "max" : 10115426,
          "mean" : 93089.811961,
          "stddev" : 59733.733563,
          "N" : 368040,
          "percentile" : {
            "50.000000" : 88576,
            "75.000000" : 96768,
            "90.000000" : 103936,
            "95.000000" : 138240,
            "99.000000" : 158720,
            "99.900000" : 205824,
            "99.999000" : 10158080
          }
        },
        "bw_min" : 1104,
        "bw_max" : 1344,
        "bw_agg" : 99.933771,
        "bw_mean" : 1226.896207,
        "bw_dev" : 34.229352,
        "bw_samples" : 2399,
        "iops_min" : 276,
        "iops_max" : 336,
        "iops_mean" : 306.701959,
        "iops_stddev" : 8.560288,
        "iops_samples" : 2399
      },
      "write" : {
        "io_bytes" : 0,
        "io_kbytes" : 0,
        "bw_bytes" : 0,
        "bw" : 0,
        "iops" : 0.000000,
        "runtime" : 0,
        "total_ios" : 0,
        "short_ios" : 0,
        "drop_ios" : 0,
        "slat_ns" : {
          "min" : 0,
          "max" : 0,
          "mean" : 0.000000,
          "stddev" : 0.000000,
          "N" : 0
        },
        "clat_ns" : {
          "min" : 0,
          "max" : 0,
          "mean" : 0.000000,
          "stddev" : 0.000000,
          "N" : 0
        },
        "lat_ns" : {
          "min" : 0,
          "max" : 0,
          "mean" : 0.000000,
          "stddev" : 0.000000,
          "N" : 0
        },
        "bw_min" : 0,
        "bw_max" : 0,
        "bw_agg" : 0.000000,
        "bw_mean" : 0.000000,
        "bw_dev" : 0.000000,
        "bw_samples" : 0,
        "iops_min" : 0,
        "iops_max" : 0,
        "iops_mean" : 0.000000,
        "iops_stddev" : 0.000000,
        "iops_samples" : 0
      },
      "trim" : {
        "io_bytes" : 0,
        "io_kbytes" : 0,
        "bw_bytes" : 0,
        "bw" : 0,
        "iops" : 0.000000,
        "runtime" : 0,
        "total_ios" : 0,
        "short_ios" : 0,
        "drop_ios" : 0,
        "slat_ns" : {
          "min" : 0,
          "max" : 0,
          "mean" : 0.000000,
          "stddev" : 0.000000,
          "N" : 0
        },
        "clat_ns" : {
          "min" : 0,
          "max" : 0,
          "mean" : 0.000000,
          "stddev" : 0.000000,
          "N" : 0
        },
        "lat_ns" : {
          "min" : 0,
          "max" : 0,
          "mean" : 0.000000,
          "stddev" : 0.000000,
          "N" : 0
        },
        "bw_min" : 0,
        "bw_max" : 0,
        "bw_agg" : 0.000000,
        "bw_mean" : 0.000000,
        "bw_dev" : 0.000000,
        "bw_samples" : 0,
        "iops_min" : 0,
        "iops_max" : 0,
        "iops_mean" : 0.000000,
        "iops_stddev" : 0.000000,
        "iops_samples" : 0
      },
      "sync" : {
        "total_ios" : 0,
        "lat_ns" : {
          "min" : 0,
          "max" : 0,
          "mean" : 0.000000,
          "stddev" : 0.000000,
          "N" : 0
        }
      },
      "job_runtime" : 1200003,
      "usr_cpu" : 49.972792,
      "sys_cpu" : 0.003917,
      "ctx" : 65788,
      "majf" : 0,
      "minf" : 0,
      "iodepth_level" : {
        "1" : 16.666667,
        "2" : 33.333333,
        "4" : 50.000000,
        "8" : 0.000000,
        "16" : 0.000000,
        "32" : 0.000000,
        ">=64" : 0.000000
      },
      "iodepth_submit" : {
        "0" : 0.000000,
        "4" : 0.000000,
        "8" : 0.000000,
        "16" : 0.000000,
        "32" : 0.000000,
        "64" : 0.000000,
        ">=64" : 0.000000
      },
      "iodepth_complete" : {
        "0" : 0.000000,
        "4" : 100.000000,
        "8" : 0.000000,
        "16" : 0.000000,
        "32" : 0.000000,
        "64" : 0.000000,
        ">=64" : 0.000000
      },
      "latency_ns" : {
        "2" : 0.000000,
        "4" : 0.000000,
        "10" : 0.000000,
        "20" : 0.000000,
        "50" : 0.000000,
        "100" : 0.000000,
        "250" : 0.000000,
        "500" : 0.000000,
        "750" : 0.000000,
        "1000" : 0.000000
      },
      "latency_us" : {
        "2" : 0.000000,
        "4" : 0.000000,
        "10" : 0.000000,
        "20" : 0.000000,
        "50" : 0.000000,
        "100" : 0.000000,
        "250" : 0.000000,
        "500" : 0.000000,
        "750" : 0.000000,
        "1000" : 0.000000
      },
      "latency_ms" : {
        "2" : 0.000000,
        "4" : 0.000000,
        "10" : 0.000000,
        "20" : 0.000000,
        "50" : 0.000000,
        "100" : 0.000000,
        "250" : 0.000000,
        "500" : 0.000000,
        "750" : 0.000000,
        "1000" : 0.000000,
        "2000" : 0.000000,
        ">=2000" : 100.000000
      },
      "latency_depth" : 64,
      "latency_target" : 0,
      "latency_percentile" : 100.000000,
      "latency_window" : 0
    },
    {
      "jobname" : "write",
      "groupid" : 0,
      "error" : 0,
      "eta" : 0,
      "elapsed" : 1206,
      "job options" : {
        "name" : "write",
        "rw" : "write",
        "offset" : "100z",
        "size" : "100z",
        "flow" : "25"
      },
      "read" : {
        "io_bytes" : 0,
        "io_kbytes" : 0,
        "bw_bytes" : 0,
        "bw" : 0,
        "iops" : 0.000000,
        "runtime" : 0,
        "total_ios" : 0,
        "short_ios" : 0,
        "drop_ios" : 0,
        "slat_ns" : {
          "min" : 0,
          "max" : 0,
          "mean" : 0.000000,
          "stddev" : 0.000000,
          "N" : 0
        },
        "clat_ns" : {
          "min" : 0,
          "max" : 0,
          "mean" : 0.000000,
          "stddev" : 0.000000,
          "N" : 0
        },
        "lat_ns" : {
          "min" : 0,
          "max" : 0,
          "mean" : 0.000000,
          "stddev" : 0.000000,
          "N" : 0
        },
        "bw_min" : 0,
        "bw_max" : 0,
        "bw_agg" : 0.000000,
        "bw_mean" : 0.000000,
        "bw_dev" : 0.000000,
        "bw_samples" : 0,
        "iops_min" : 0,
        "iops_max" : 0,
        "iops_mean" : 0.000000,
        "iops_stddev" : 0.000000,
        "iops_samples" : 0
      },
      "write" : {
        "io_bytes" : 502501376,
        "io_kbytes" : 490724,
        "bw_bytes" : 418751,
        "bw" : 408,