{
  "fio version" : "fio-3.32",
  "timestamp" : 1674776408,
  "timestamp_ms" : 1674776408249,
  "time" : "Thu Jan 26 23:40:08 2023",
  "global options" : {
    "ioengine" : "io_uring",
    "fixedbufs" : "1",
    "sqthread_poll" : "1",
    "registerfiles" : "1",
    "direct" : "1",
    "offset" : "0",
    "size" : "100%",
    "filename" : "/dev/nvme4n1",
    "rw" : "randrw",
    "rwmixread" : "75",
    "thread" : "1",
    "time_based" : "1",
    "runtime" : "20m",
    "ramp_time" : "5"
  },
  "jobs" : [
    {
      "jobname" : "rw",
      "groupid" : 0,
      "error" : 0,
      "eta" : 0,
      "elapsed" : 1206,
      "job options" : {
        "name" : "rw",
        "iodepth" : "1",
        "numjobs" : "1",
        "bs" : "4096",
        "lat_percentiles" : "1",
        "percentile_list" : "50:75:90:95:99:99.9:99.999"
      },
      "read" : {
        "io_bytes" : 67720179712,
        "io_kbytes" : 66132988,
        "bw_bytes" : 56433436,
        "bw" : 55110,
        "iops" : 13777.694352,
        "runtime" : 1200001,
        "total_ios" : 16533247,
        "short_ios" : 0,
        "drop_ios" : 0,
        "slat_ns" : {
          "min" : 0,
          "max" : 0,
          "mean" : 0.000000,
          "stddev" : 0.000000,
          "N" : 0
        },
        "clat_ns" : {
          "min" : 5135606506,
          "max" : 1205135517387,
          "mean" : 606230218124.358643,
          "stddev" : 346272983237.145447,
          "N" : 16533247,
          "percentile" : {
            "50.000000" : 17112760320,
            "75.000000" : 17112760320,
            "90.000000" : 17112760320,
            "95.000000" : 17112760320,
            "99.000000" : 17112760320,
            "99.900000" : 17112760320,
            "99.999000" : 17112760320
          }
        },
        "lat_ns" : {
          "min" : 24781,
          "max" : 1492113,
          "mean" : 67698.709049,
          "stddev" : 38962.188929,
          "N" : 16533247,
          "percentile" : {
            "50.000000" : 71168,
            "75.000000" : 82432,
            "90.000000" : 83456,
            "95.000000" : 110080,
            "99.000000" : 222208,
            "99.900000" : 428032,
            "99.999000" : 1028096
          }
        },
        "bw_min" : 52088,
        "bw_max" : 64384,
        "bw_agg" : 100.000000,
        "bw_mean" : 55116.451855,
        "bw_dev" : 1060.905319,
        "bw_samples" : 2399,
        "iops_min" : 13022,
        "iops_max" : 16096,
        "iops_mean" : 13779.091705,
        "iops_stddev" : 265.229084,
        "iops_samples" : 2399
      },
      "write" : {
        "io_bytes" : 22581669888,
        "io_kbytes" : 22052412,
        "bw_bytes" : 18818042,
        "bw" : 18376,
        "iops" : 4594.248671,
        "runtime" : 1200001,
        "total_ios" : 5513103,
        "short_ios" : 0,
        "drop_ios" : 0,
        "slat_ns" : {
          "min" : 0,
          "max" : 0,
          "mean" : 0.000000,
          "stddev" : 0.000000,
          "N" : 0
        },
        "clat_ns" : {
          "min" : 5135579133,
          "max" : 1205135418364,
          "mean" : 606347989736.866577,
          "stddev" : 346403000940.338562,
          "N" : 5513103,
          "percentile" : {
            "50.000000" : 17112760320,
            "75.000000" : 17112760320,
            "90.000000" : 17112760320,
            "95.000000" : 17112760320,
            "99.000000" : 17112760320,
            "99.900000" : 17112760320,
            "99.999000" : 17112760320
          }
        },
        "lat_ns" : {
          "min" : 11138,
          "max" : 90828,
          "mean" : 12239.654359,
          "stddev" : 859.930153,
          "N" : 5513103,
          "percentile" : {
            "50.000000" : 12224,
            "75.000000" : 12480,
            "90.000000" : 12736,
            "95.000000" : 12864,
            "99.000000" : 14656,
            "99.900000" : 16768,
            "99.999000" : 83456
          }
        },
        "bw_min" : 16624,
        "bw_max" : 21408,
        "bw_agg" : 100.000000,
        "bw_mean" : 18378.604419,
        "bw_dev" : 508.856737,
        "bw_samples" : 2399,
        "iops_min" : 4156,
        "iops_max" : 5352,
        "iops_mean" : 4594.635682,
        "iops_stddev" : 127.218743,
        "iops_samples" : 2399
      },
      "trim" : {
        "io_bytes" : 0,
        "io_kbytes" : 0,
        "bw_bytes" : 0,
        "bw" : 0,
        "iops" : 0.000000,
        "runtime" : 0,
        "total_ios" : 0,
        "short_ios" : 0,
        "drop_ios" : 0,
        "slat_ns" : {
          "min" : 0,
          "max" : 0,
          "mean" : 0.000000,
          "stddev" : 0.000000,
          "N" : 0
        },
        "clat_ns" : {
          "min" : 0,
          "max" : 0,
          "mean" : 0.000000,
          "stddev" : 0.000000,
          "N" : 0
        },
        "lat_ns" : {
          "min" : 0,
          "max" : 0,
          "mean" : 0.000000,
          "stddev" : 0.000000,
          "N" : 0
        },
        "bw_min" : 0,
        "bw_max" : 0,
        "bw_agg" : 0.000000,
        "bw_mean" : 0.000000,
        "bw_dev" : 0.000000,
        "bw_samples" : 0,
        "iops_min" : 0,
        "iops_max" : 0,
        "iops_mean" : 0.000000,
        "iops_stddev" : 0.000000,
        "iops_samples" : 0
      },
      "sync" : {
        "total_ios" : 0,
        "lat_ns" : {
          "min" : 0,
          "max" : 0,
          "mean" : 0.000000,
          "stddev" : 0.000000,
          "N" : 0
        }
      },
      "job_runtime" : 1200000,
      "usr_cpu" : 99.948167,
      "sys_cpu" : 0.004917,
      "ctx" : 129397,
      "majf" : 0,
      "minf" : 0,
      "iodepth_level" : {
        "1" : 100.000000,
        "2" : 0.000000,
        "4" : 0.000000,
        "8" : 0.000000,
        "16" : 0.000000,
        "32" : 0.000000,
        ">=64" : 0.000000
      },
      "iodepth_submit" : {
        "0" : 0.000000,
        "4" : 0.000000,
        "8" : 0.000000,
        "16" : 0.000000,
        "32" : 0.000000,
        "64" : 0.000000,
        ">=64" : 0.000000
      },
      "iodepth_complete" : {
        "0" : 0.000000,
        "4" : 100.000000,
        "8" : 0.000000,
        "16" : 0.000000,
        "32" : 0.000000,
        "64" : 0.000000,
        ">=64" : 0.000000
      },
      "latency_ns" : {
        "2" : 0.000000,
        "4" : 0.000000,
        "10" : 0.000000,
        "20" : 0.000000,
        "50" : 0.000000,
        "100" : 0.000000,
        "250" : 0.000000,
        "500" : 0.000000,
        "750" : 0.000000,
        "1000" : 0.000000
      },
      "latency_us" : {
        "2" : 0.000000,
        "4" : 0.000000,
        "10" : 0.000000,
        "20" : 0.000000,
        "50" : 0.000000,
        "100" : 0.000000,
        "250" : 0.000000,
        "500" : 0.000000,
        "750" : 0.000000,
        "1000" : 0.000000
      },
      "latency_ms" : {
        "2" : 0.000000,
        "4" : 0.000000,
        "10" : 0.000000,
        "20" : 0.000000,
        "50" : 0.000000,
        "100" : 0.000000,
        "250" : 0.000000,
        "500" : 0.000000,
        "750" : 0.000000,
        "1000" : 0.000000,
        "2000" : 0.000000,
        ">=2000" : 100.000000
      },
      "latency_depth" : 1,
      "latency_target" : 0,
      "latency_percentile" : 100.000000,
      "latency_window" : 0
    }
  ],
  "disk_util" : [
    {
      "name" : "nvme4n1",
      "read_ios" : 16603654,
      "write_ios" : 5536407,
      "read_merges" : 0,
      "write_merges" : 0,
      "read_ticks" : 1097064,
      "write_ticks" : 56712,
      "in_queue" : 1153776,
      "util" : 100.000000
    }
  ]
}
