{
  "fio version" : "fio-3.32",
  "timestamp" : 1674783640,
  "timestamp_ms" : 1674783640046,
  "time" : "Fri Jan 27 01:40:40 2023",
  "global options" : {
    "ioengine" : "io_uring",
    "fixedbufs" : "1",
    "sqthread_poll" : "1",
    "registerfiles" : "1",
    "direct" : "1",
    "offset" : "0",
    "size" : "100%",
    "filename" : "/dev/nvme4n1",
    "rw" : "randrw",
    "rwmixread" : "75",
    "thread" : "1",
    "time_based" : "1",
    "runtime" : "20m",
    "ramp_time" : "5"
  },
  "jobs" : [
    {
      "jobname" : "rw",
      "groupid" : 0,
      "error" : 0,
      "eta" : 0,
      "elapsed" : 1206,
      "job options" : {
        "name" : "rw",
        "iodepth" : "64",
        "numjobs" : "1",
        "bs" : "4096",
        "lat_percentiles" : "1",
        "percentile_list" : "50:75:90:95:99:99.9:99.999"
      },
      "read" : {
        "io_bytes" : 846108127232,
        "io_kbytes" : 826277468,
        "bw_bytes" : 705089518,
        "bw" : 688563,
        "iops" : 172140.943216,
        "runtime" : 1200001,
        "total_ios" : 206569304,
        "short_ios" : 0,
        "drop_ios" : 0,
        "slat_ns" : {
          "min" : 0,
          "max" : 0,
          "mean" : 0.000000,
          "stddev" : 0.000000,
          "N" : 0
        },
        "clat_ns" : {
          "min" : 5135509348,
          "max" : 1205136282173,
          "mean" : 563118155021.616211,
          "stddev" : 326399364398.802917,
          "N" : 206569367,
          "percentile" : {
            "50.000000" : 17112760320,
            "75.000000" : 17112760320,
            "90.000000" : 17112760320,
            "95.000000" : 17112760320,
            "99.000000" : 17112760320,
            "99.900000" : 17112760320,
            "99.999000" : 17112760320
          }
        },
        "lat_ns" : {
          "min" : 25557,
          "max" : 7322273,
          "mean" : 348955.649475,
          "stddev" : 367954.658814,
          "N" : 206569367,
          "percentile" : {
            "50.000000" : 218112,
            "75.000000" : 436224,
            "90.000000" : 782336,
            "95.000000" : 1089536,
            "99.000000" : 1826816,
            "99.900000" : 2899968,
            "99.999000" : 4554752
          }
        },
        "bw_min" : 421296,
        "bw_max" : 845432,
        "bw_agg" : 100.000000,
        "bw_mean" : 688673.950417,
        "bw_dev" : 122798.178743,
        "bw_samples" : 2400,
        "iops_min" : 105324,
        "iops_max" : 211358,
        "iops_mean" : 172168.457917,
        "iops_stddev" : 30699.544953,
        "iops_samples" : 2400
      },
      "write" : {
        "io_bytes" : 282032689152,
        "io_kbytes" : 275422548,
        "bw_bytes" : 235027045,
        "bw" : 229518,
        "iops" : 57379.649684,
        "runtime" : 1200001,
        "total_ios" : 68855637,
        "short_ios" : 0,
        "drop_ios" : 0,
        "slat_ns" : {
          "min" : 0,
          "max" : 0,
          "mean" : 0.000000,
          "stddev" : 0.000000,
          "N" : 0
        },
        "clat_ns" : {
          "min" : 5135525590,
          "max" : 1205136282173,
          "mean" : 563035680269.855103,
          "stddev" : 326372117227.548645,
          "N" : 68855637,
          "percentile" : {
            "50.000000" : 17112760320,
            "75.000000" : 17112760320,
            "90.000000" : 17112760320,
            "95.000000" : 17112760320,
            "99.000000" : 17112760320,
            "99.900000" : 17112760320,
            "99.999000" : 17112760320
          }
        },
        "lat_ns" : {
          "min" : 11701,
          "max" : 6423348,
          "mean" : 66547.648988,
          "stddev" : 157382.871782,
          "N" : 68855637,
          "percentile" : {
            "50.000000" : 19840,
            "75.000000" : 27264,
            "90.000000" : 119296,
            "95.000000" : 407552,
            "99.000000" : 831488,
            "99.900000" : 1253376,
            "99.999000" : 2867200
          }
        },
        "bw_min" : 141152,
        "bw_max" : 281440,
        "bw_agg" : 100.000000,
        "bw_mean" : 229555.148750,
        "bw_dev" : 40993.061472,
        "bw_samples" : 2400,
        "iops_min" : 35288,
        "iops_max" : 70360,
        "iops_mean" : 57388.754583,
        "iops_stddev" : 10248.264054,
        "iops_samples" : 2400
      },
      "trim" : {
        "io_bytes" : 0,
        "io_kbytes" : 0,
        "bw_bytes" : 0,
        "bw" : 0,
        "iops" : 0.000000,
        "runtime" : 0,
        "total_ios" : 0,
        "short_ios" : 0,
        "drop_ios" : 0,
        "slat_ns" : {
          "min" : 0,
          "max" : 0,
          "mean" : 0.000000,
          "stddev" : 0.000000,
          "N" : 0
        },
        "clat_ns" : {
          "min" : 0,
          "max" : 0,
          "mean" : 0.000000,
          "stddev" : 0.000000,
          "N" : 0
        },
        "lat_ns" : {
          "min" : 0,
          "max" : 0,
          "mean" : 0.000000,
          "stddev" : 0.000000,
          "N" : 0
        },
        "bw_min" : 0,
        "bw_max" : 0,
        "bw_agg" : 0.000000,
        "bw_mean" : 0.000000,
        "bw_dev" : 0.000000,
        "bw_samples" : 0,
        "iops_min" : 0,
        "iops_max" : 0,
        "iops_mean" : 0.000000,
        "iops_stddev" : 0.000000,
        "iops_samples" : 0
      },
      "sync" : {
        "total_ios" : 0,
        "lat_ns" : {
          "min" : 0,
          "max" : 0,
          "mean" : 0.000000,
          "stddev" : 0.000000,
          "N" : 0
        }
      },
      "job_runtime" : 1200000,
      "usr_cpu" : 99.939583,
      "sys_cpu" : 0.003250,
      "ctx" : 128786,
      "majf" : 0,
      "minf" : 0,
      "iodepth_level" : {
        "1" : 0.000000,
        "2" : 0.000000,
        "4" : 0.000000,
        "8" : 0.000000,
        "16" : 0.000000,
        "32" : 0.000000,
        ">=64" : 100.000000
      },
      "iodepth_submit" : {
        "0" : 0.000000,
        "4" : 0.000000,
        "8" : 0.000000,
        "16" : 0.000000,
        "32" : 0.000000,
        "64" : 0.000000,
        ">=64" : 0.000000
      },
      "iodepth_complete" : {
        "0" : 0.000000,
        "4" : 100.000000,
        "8" : 0.000000,
        "16" : 0.000000,
        "32" : 0.000000,
        "64" : 0.100000,
        ">=64" : 0.000000
      },
      "latency_ns" : {
        "2" : 0.000000,
        "4" : 0.000000,
        "10" : 0.000000,
        "20" : 0.000000,
        "50" : 0.000000,
        "100" : 0.000000,
        "250" : 0.000000,
        "500" : 0.000000,
        "750" : 0.000000,
        "1000" : 0.000000
      },
      "latency_us" : {
        "2" : 0.000000,
        "4" : 0.000000,
        "10" : 0.000000,
        "20" : 0.000000,
        "50" : 0.000000,
        "100" : 0.000000,
        "250" : 0.000000,
        "500" : 0.000000,
        "750" : 0.000000,
        "1000" : 0.000000
      },
      "latency_ms" : {
        "2" : 0.000000,
        "4" : 0.000000,
        "10" : 0.000000,
        "20" : 0.000000,
        "50" : 0.000000,
        "100" : 0.000000,
        "250" : 0.000000,
        "500" : 0.000000,
        "750" : 0.000000,
        "1000" : 0.000000,
        "2000" : 0.000000,
        ">=2000" : 100.000023
      },
      "latency_depth" : 64,
      "latency_target" : 0,
      "latency_percentile" : 100.000000,
      "latency_window" : 0
    }
  ],
  "disk_util" : [
    {
      "name" : "nvme4n1",
      "read_ios" : 207332159,
      "write_ios" : 69110679,
      "read_merges" : 291,
      "write_merges" : 23,
      "read_ticks" : 71257548,
      "write_ticks" : 4059561,
      "in_queue" : 75317108,
      "util" : 100.000000
    }
  ]
}
