{
  "fio version" : "fio-3.32",
  "timestamp" : 1674516626,
  "timestamp_ms" : 1674516626326,
  "time" : "Mon Jan 23 23:30:26 2023",
  "global options" : {
    "ioengine" : "io_uring",
    "fixedbufs" : "1",
    "sqthread_poll" : "1",
    "registerfiles" : "1",
    "direct" : "1",
    "offset" : "0",
    "size" : "100%",
    "filename" : "/dev/nvme6n2",
    "zonemode" : "zbd",
    "rw" : "randrw",
    "rwmixread" : "90",
    "thread" : "1",
    "time_based" : "1",
    "runtime" : "20m",
    "ramp_time" : "5"
  },
  "jobs" : [
    {
      "jobname" : "rw",
      "groupid" : 0,
      "error" : 0,
      "eta" : 0,
      "elapsed" : 1206,
      "job options" : {
        "name" : "rw",
        "iodepth" : "16",
        "numjobs" : "1",
        "bs" : "4096",
        "lat_percentiles" : "1",
        "percentile_list" : "50:75:90:95:99:99.9:99.999"
      },
      "read" : {
        "io_bytes" : 677723840512,
        "io_kbytes" : 661839688,
        "bw_bytes" : 564769396,
        "bw" : 551532,
        "iops" : 137883.140931,
        "runtime" : 1200001,
        "total_ios" : 165459907,
        "short_ios" : 0,
        "drop_ios" : 0,
        "slat_ns" : {
          "min" : 0,
          "max" : 0,
          "mean" : 0.000000,
          "stddev" : 0.000000,
          "N" : 0
        },
        "clat_ns" : {
          "min" : 5159496206,
          "max" : 1205159950152,
          "mean" : 603616541465.999146,
          "stddev" : 346255885089.501831,
          "N" : 165459922,
          "percentile" : {
            "50.000000" : 17112760320,
            "75.000000" : 17112760320,
            "90.000000" : 17112760320,
            "95.000000" : 17112760320,
            "99.000000" : 17112760320,
            "99.900000" : 17112760320,
            "99.999000" : 17112760320
          }
        },
        "lat_ns" : {
          "min" : 9948,
          "max" : 5546560,
          "mean" : 112588.526740,
          "stddev" : 104712.040912,
          "N" : 165459922,
          "percentile" : {
            "50.000000" : 88576,
            "75.000000" : 103936,
            "90.000000" : 148480,
            "95.000000" : 220160,
            "99.000000" : 610304,
            "99.900000" : 1253376,
            "99.999000" : 2408448
          }
        },
        "bw_min" : 351040,
        "bw_max" : 565040,
        "bw_agg" : 100.000000,
        "bw_mean" : 551611.575417,
        "bw_dev" : 14389.930417,
        "bw_samples" : 2400,
        "iops_min" : 87760,
        "iops_max" : 141260,
        "iops_mean" : 137902.866667,
        "iops_stddev" : 3597.480360,
        "iops_samples" : 2400
      },
      "write" : {
        "io_bytes" : 75315040256,
        "io_kbytes" : 73549844,
        "bw_bytes" : 62762481,
        "bw" : 61291,
        "iops" : 15322.871398,
        "runtime" : 1200001,
        "total_ios" : 18387461,
        "short_ios" : 0,
        "drop_ios" : 0,
        "slat_ns" : {
          "min" : 0,
          "max" : 0,
          "mean" : 0.000000,
          "stddev" : 0.000000,
          "N" : 0
        },
        "clat_ns" : {
          "min" : 5159611441,
          "max" : 1205159318476,
          "mean" : 603606409048.698364,
          "stddev" : 346221354334.192932,
          "N" : 18387461,
          "percentile" : {
            "50.000000" : 17112760320,
            "75.000000" : 17112760320,
            "90.000000" : 17112760320,
            "95.000000" : 17112760320,
            "99.000000" : 17112760320,
            "99.900000" : 17112760320,
            "99.999000" : 17112760320
          }
        },
        "lat_ns" : {
          "min" : 15235,
          "max" : 3931377,
          "mean" : 23883.233199,
          "stddev" : 6638.872515,
          "N" : 18387461,
          "percentile" : {
            "50.000000" : 22400,
            "75.000000" : 25984,
            "90.000000" : 30848,
            "95.000000" : 35584,
            "99.000000" : 45312,
            "99.900000" : 58112,
            "99.999000" : 108032
          }
        },
        "bw_min" : 39064,
        "bw_max" : 64136,
        "bw_agg" : 100.000000,
        "bw_mean" : 61300.226667,
        "bw_dev" : 1704.913996,
        "bw_samples" : 2400,
        "iops_min" : 9766,
        "iops_max" : 16034,
        "iops_mean" : 15325.029583,
        "iops_stddev" : 426.226099,
        "iops_samples" : 2400
      },
      "trim" : {
        "io_bytes" : 0,
        "io_kbytes" : 0,
        "bw_bytes" : 0,
        "bw" : 0,
        "iops" : 0.000000,
        "runtime" : 0,
        "total_ios" : 0,
        "short_ios" : 0,
        "drop_ios" : 0,
        "slat_ns" : {
          "min" : 0,
          "max" : 0,
          "mean" : 0.000000,
          "stddev" : 0.000000,
          "N" : 0
        },
        "clat_ns" : {
          "min" : 0,
          "max" : 0,
          "mean" : 0.000000,
          "stddev" : 0.000000,
          "N" : 0
        },
        "lat_ns" : {
          "min" : 0,
          "max" : 0,
          "mean" : 0.000000,
          "stddev" : 0.000000,
          "N" : 0
        },
        "bw_min" : 0,
        "bw_max" : 0,
        "bw_agg" : 0.000000,
        "bw_mean" : 0.000000,
        "bw_dev" : 0.000000,
        "bw_samples" : 0,
        "iops_min" : 0,
        "iops_max" : 0,
        "iops_mean" : 0.000000,
        "iops_stddev" : 0.000000,
        "iops_samples" : 0
      },
      "sync" : {
        "total_ios" : 0,
        "lat_ns" : {
          "min" : 0,
          "max" : 0,
          "mean" : 0.000000,
          "stddev" : 0.000000,
          "N" : 0
        }
      },
      "job_runtime" : 1200000,
      "usr_cpu" : 99.864750,
      "sys_cpu" : 0.004333,
      "ctx" : 127140,
      "majf" : 0,
      "minf" : 0,
      "iodepth_level" : {
        "1" : 0.100000,
        "2" : 0.100000,
        "4" : 0.100000,
        "8" : 0.100000,
        "16" : 99.999543,
        "32" : 0.000000,
        ">=64" : 0.000000
      },
      "iodepth_submit" : {
        "0" : 0.000000,
        "4" : 0.000000,
        "8" : 0.000000,
        "16" : 0.000000,
        "32" : 0.000000,
        "64" : 0.000000,
        ">=64" : 0.000000
      },
      "iodepth_complete" : {
        "0" : 0.000000,
        "4" : 99.999999,
        "8" : 0.000000,
        "16" : 0.100000,
        "32" : 0.000000,
        "64" : 0.000000,
        ">=64" : 0.000000
      },
      "latency_ns" : {
        "2" : 0.000000,
        "4" : 0.000000,
        "10" : 0.000000,
        "20" : 0.000000,
        "50" : 0.000000,
        "100" : 0.000000,
        "250" : 0.000000,
        "500" : 0.000000,
        "750" : 0.000000,
        "1000" : 0.000000
      },
      "latency_us" : {
        "2" : 0.000000,
        "4" : 0.000000,
        "10" : 0.000000,
        "20" : 0.000000,
        "50" : 0.000000,
        "100" : 0.000000,
        "250" : 0.000000,
        "500" : 0.000000,
        "750" : 0.000000,
        "1000" : 0.000000
      },
      "latency_ms" : {
        "2" : 0.000000,
        "4" : 0.000000,
        "10" : 0.000000,
        "20" : 0.000000,
        "50" : 0.000000,
        "100" : 0.000000,
        "250" : 0.000000,
        "500" : 0.000000,
        "750" : 0.000000,
        "1000" : 0.000000,
        "2000" : 0.000000,
        ">=2000" : 100.000008
      },
      "latency_depth" : 16,
      "latency_target" : 0,
      "latency_percentile" : 100.000000,
      "latency_window" : 0
    }
  ],
  "disk_util" : [
    {
      "name" : "nvme6n2",
      "read_ios" : 166011885,
      "write_ios" : 18447914,
      "read_merges" : 0,
      "write_merges" : 1308,
      "read_ticks" : 17710292,
      "write_ticks" : 299106,
      "in_queue" : 18009399,
      "util" : 100.000000
    }
  ]
}
