{
  "fio version" : "fio-3.32",
  "timestamp" : 1674514204,
  "timestamp_ms" : 1674514204075,
  "time" : "Mon Jan 23 22:50:04 2023",
  "global options" : {
    "ioengine" : "io_uring",
    "fixedbufs" : "1",
    "sqthread_poll" : "1",
    "registerfiles" : "1",
    "direct" : "1",
    "offset" : "0",
    "size" : "100%",
    "filename" : "/dev/nvme6n2",
    "zonemode" : "zbd",
    "rw" : "randrw",
    "rwmixread" : "90",
    "thread" : "1",
    "time_based" : "1",
    "runtime" : "20m",
    "ramp_time" : "5"
  },
  "jobs" : [
    {
      "jobname" : "rw",
      "groupid" : 0,
      "error" : 0,
      "eta" : 0,
      "elapsed" : 1206,
      "job options" : {
        "name" : "rw",
        "iodepth" : "4",
        "numjobs" : "1",
        "bs" : "4096",
        "lat_percentiles" : "1",
        "percentile_list" : "50:75:90:95:99:99.9:99.999"
      },
      "read" : {
        "io_bytes" : 233246756864,
        "io_kbytes" : 227780036,
        "bw_bytes" : 194372135,
        "bw" : 189816,
        "iops" : 47454.132122,
        "runtime" : 1200001,
        "total_ios" : 56945006,
        "short_ios" : 0,
        "drop_ios" : 0,
        "slat_ns" : {
          "min" : 0,
          "max" : 0,
          "mean" : 0.000000,
          "stddev" : 0.000000,
          "N" : 0
        },
        "clat_ns" : {
          "min" : 5159185927,
          "max" : 1205159195707,
          "mean" : 603202645637.808105,
          "stddev" : 346689609334.513245,
          "N" : 56945009,
          "percentile" : {
            "50.000000" : 17112760320,
            "75.000000" : 17112760320,
            "90.000000" : 17112760320,
            "95.000000" : 17112760320,
            "99.000000" : 17112760320,
            "99.900000" : 17112760320,
            "99.999000" : 17112760320
          }
        },
        "lat_ns" : {
          "min" : 9856,
          "max" : 4118252,
          "mean" : 81396.438499,
          "stddev" : 26329.624318,
          "N" : 56945009,
          "percentile" : {
            "50.000000" : 76288,
            "75.000000" : 86528,
            "90.000000" : 90624,
            "95.000000" : 109056,
            "99.000000" : 175104,
            "99.900000" : 374784,
            "99.999000" : 1073152
          }
        },
        "bw_min" : 165680,
        "bw_max" : 193112,
        "bw_agg" : 100.000000,
        "bw_mean" : 189842.740725,
        "bw_dev" : 1683.931057,
        "bw_samples" : 2399,
        "iops_min" : 41420,
        "iops_max" : 48278,
        "iops_mean" : 47460.654439,
        "iops_stddev" : 420.988575,
        "iops_samples" : 2399
      },
      "write" : {
        "io_bytes" : 25925046272,
        "io_kbytes" : 25317428,
        "bw_bytes" : 21604187,
        "bw" : 21097,
        "iops" : 5274.459771,
        "runtime" : 1200001,
        "total_ios" : 6329357,
        "short_ios" : 0,
        "drop_ios" : 0,
        "slat_ns" : {
          "min" : 0,
          "max" : 0,
          "mean" : 0.000000,
          "stddev" : 0.000000,
          "N" : 0
        },
        "clat_ns" : {
          "min" : 5159279716,
          "max" : 1205158782175,
          "mean" : 603265587498.329590,
          "stddev" : 346760112091.453796,
          "N" : 6329357,
          "percentile" : {
            "50.000000" : 17112760320,
            "75.000000" : 17112760320,
            "90.000000" : 17112760320,
            "95.000000" : 17112760320,
            "99.000000" : 17112760320,
            "99.900000" : 17112760320,
            "99.999000" : 17112760320
          }
        },
        "lat_ns" : {
          "min" : 14769,
          "max" : 300665,
          "mean" : 18655.991411,
          "stddev" : 1884.284042,
          "N" : 6329357,
          "percentile" : {
            "50.000000" : 18048,
            "75.000000" : 19584,
            "90.000000" : 21120,
            "95.000000" : 22144,
            "99.000000" : 24448,
            "99.900000" : 30336,
            "99.999000" : 89600
          }
        },
        "bw_min" : 18885,
        "bw_max" : 22624,
        "bw_agg" : 100.000000,
        "bw_mean" : 21100.681951,
        "bw_dev" : 448.747936,
        "bw_samples" : 2399,
        "iops_min" : 4721,
        "iops_max" : 5656,
        "iops_mean" : 5275.142976,
        "iops_stddev" : 112.179240,
        "iops_samples" : 2399
      },
      "trim" : {
        "io_bytes" : 0,
        "io_kbytes" : 0,
        "bw_bytes" : 0,
        "bw" : 0,
        "iops" : 0.000000,
        "runtime" : 0,
        "total_ios" : 0,
        "short_ios" : 0,
        "drop_ios" : 0,
        "slat_ns" : {
          "min" : 0,
          "max" : 0,
          "mean" : 0.000000,
          "stddev" : 0.000000,
          "N" : 0
        },
        "clat_ns" : {
          "min" : 0,
          "max" : 0,
          "mean" : 0.000000,
          "stddev" : 0.000000,
          "N" : 0
        },
        "lat_ns" : {
          "min" : 0,
          "max" : 0,
          "mean" : 0.000000,
          "stddev" : 0.000000,
          "N" : 0
        },
        "bw_min" : 0,
        "bw_max" : 0,
        "bw_agg" : 0.000000,
        "bw_mean" : 0.000000,
        "bw_dev" : 0.000000,
        "bw_samples" : 0,
        "iops_min" : 0,
        "iops_max" : 0,
        "iops_mean" : 0.000000,
        "iops_stddev" : 0.000000,
        "iops_samples" : 0
      },
      "sync" : {
        "total_ios" : 0,
        "lat_ns" : {
          "min" : 0,
          "max" : 0,
          "mean" : 0.000000,
          "stddev" : 0.000000,
          "N" : 0
        }
      },
      "job_runtime" : 1200000,
      "usr_cpu" : 99.926917,
      "sys_cpu" : 0.003667,
      "ctx" : 127197,
      "majf" : 0,
      "minf" : 0,
      "iodepth_level" : {
        "1" : 0.100000,
        "2" : 0.100000,
        "4" : 99.999934,
        "8" : 0.000000,
        "16" : 0.000000,
        "32" : 0.000000,
        ">=64" : 0.000000
      },
      "iodepth_submit" : {
        "0" : 0.000000,
        "4" : 0.000000,
        "8" : 0.000000,
        "16" : 0.000000,
        "32" : 0.000000,
        "64" : 0.000000,
        ">=64" : 0.000000
      },
      "iodepth_complete" : {
        "0" : 0.000000,
        "4" : 100.000000,
        "8" : 0.000000,
        "16" : 0.000000,
        "32" : 0.000000,
        "64" : 0.000000,
        ">=64" : 0.000000
      },
      "latency_ns" : {
        "2" : 0.000000,
        "4" : 0.000000,
        "10" : 0.000000,
        "20" : 0.000000,
        "50" : 0.000000,
        "100" : 0.000000,
        "250" : 0.000000,
        "500" : 0.000000,
        "750" : 0.000000,
        "1000" : 0.000000
      },
      "latency_us" : {
        "2" : 0.000000,
        "4" : 0.000000,
        "10" : 0.000000,
        "20" : 0.000000,
        "50" : 0.000000,
        "100" : 0.000000,
        "250" : 0.000000,
        "500" : 0.000000,
        "750" : 0.000000,
        "1000" : 0.000000
      },
      "latency_ms" : {
        "2" : 0.000000,
        "4" : 0.000000,
        "10" : 0.000000,
        "20" : 0.000000,
        "50" : 0.000000,
        "100" : 0.000000,
        "250" : 0.000000,
        "500" : 0.000000,
        "750" : 0.000000,
        "1000" : 0.000000,
        "2000" : 0.000000,
        ">=2000" : 100.000005
      },
      "latency_depth" : 4,
      "latency_target" : 0,
      "latency_percentile" : 100.000000,
      "latency_window" : 0
    }
  ],
  "disk_util" : [
    {
      "name" : "nvme6n2",
      "read_ios" : 57157166,
      "write_ios" : 6352794,
      "read_merges" : 0,
      "write_merges" : 28,
      "read_ticks" : 4466824,
      "write_ticks" : 94405,
      "in_queue" : 4561230,
      "util" : 100.000000
    }
  ]
}
