{
  "fio version" : "fio-3.32",
  "timestamp" : 1674503303,
  "timestamp_ms" : 1674503303963,
  "time" : "Mon Jan 23 19:48:23 2023",
  "global options" : {
    "ioengine" : "io_uring",
    "fixedbufs" : "1",
    "sqthread_poll" : "1",
    "registerfiles" : "1",
    "direct" : "1",
    "offset" : "0",
    "size" : "100%",
    "filename" : "/dev/nvme6n2",
    "zonemode" : "zbd",
    "rw" : "randrw",
    "rwmixread" : "95",
    "thread" : "1",
    "time_based" : "1",
    "runtime" : "20m",
    "ramp_time" : "5"
  },
  "jobs" : [
    {
      "jobname" : "rw",
      "groupid" : 0,
      "error" : 0,
      "eta" : 0,
      "elapsed" : 1206,
      "job options" : {
        "name" : "rw",
        "iodepth" : "1",
        "numjobs" : "1",
        "bs" : "4096",
        "lat_percentiles" : "1",
        "percentile_list" : "50:75:90:95:99:99.9:99.999"
      },
      "read" : {
        "io_bytes" : 61768830976,
        "io_kbytes" : 60321124,
        "bw_bytes" : 51473982,
        "bw" : 50267,
        "iops" : 12566.890361,
        "runtime" : 1200001,
        "total_ios" : 15080281,
        "short_ios" : 0,
        "drop_ios" : 0,
        "slat_ns" : {
          "min" : 0,
          "max" : 0,
          "mean" : 0.000000,
          "stddev" : 0.000000,
          "N" : 0
        },
        "clat_ns" : {
          "min" : 5159226087,
          "max" : 1205159153897,
          "mean" : 606187741056.004150,
          "stddev" : 345678656046.786987,
          "N" : 15080281,
          "percentile" : {
            "50.000000" : 17112760320,
            "75.000000" : 17112760320,
            "90.000000" : 17112760320,
            "95.000000" : 17112760320,
            "99.000000" : 17112760320,
            "99.900000" : 17112760320,
            "99.999000" : 17112760320
          }
        },
        "lat_ns" : {
          "min" : 9954,
          "max" : 2201346,
          "mean" : 77824.679836,
          "stddev" : 14506.028924,
          "N" : 15080281,
          "percentile" : {
            "50.000000" : 73216,
            "75.000000" : 85504,
            "90.000000" : 85504,
            "95.000000" : 86528,
            "99.000000" : 87552,
            "99.900000" : 230400,
            "99.999000" : 1466368
          }
        },
        "bw_min" : 39840,
        "bw_max" : 51024,
        "bw_agg" : 100.000000,
        "bw_mean" : 50273.175417,
        "bw_dev" : 641.322700,
        "bw_samples" : 2400,
        "iops_min" : 9960,
        "iops_max" : 12756,
        "iops_mean" : 12568.288750,
        "iops_stddev" : 160.331941,
        "iops_samples" : 2400
      },
      "write" : {
        "io_bytes" : 3252944896,
        "io_kbytes" : 3176704,
        "bw_bytes" : 2710785,
        "bw" : 2647,
        "iops" : 661.812782,
        "runtime" : 1200001,
        "total_ios" : 794176,
        "short_ios" : 0,
        "drop_ios" : 0,
        "slat_ns" : {
          "min" : 0,
          "max" : 0,
          "mean" : 0.000000,
          "stddev" : 0.000000,
          "N" : 0
        },
        "clat_ns" : {
          "min" : 5161443825,
          "max" : 1205154449554,
          "mean" : 606479833318.401001,
          "stddev" : 345810245519.204163,
          "N" : 794176,
          "percentile" : {
            "50.000000" : 17112760320,
            "75.000000" : 17112760320,
            "90.000000" : 17112760320,
            "95.000000" : 17112760320,
            "99.000000" : 17112760320,
            "99.900000" : 17112760320,
            "99.999000" : 17112760320
          }
        },
        "lat_ns" : {
          "min" : 14963,
          "max" : 93650,
          "mean" : 17524.382637,
          "stddev" : 831.563412,
          "N" : 794176,
          "percentile" : {
            "50.000000" : 17536,
            "75.000000" : 18048,
            "90.000000" : 18304,
            "95.000000" : 18560,
            "99.000000" : 19072,
            "99.900000" : 21120,
            "99.999000" : 87552
          }
        },
        "bw_min" : 2184,
        "bw_max" : 3168,
        "bw_agg" : 99.990519,
        "bw_mean" : 2647.525000,
        "bw_dev" : 151.577426,
        "bw_samples" : 2400,
        "iops_min" : 546,
        "iops_max" : 792,
        "iops_mean" : 661.869167,
        "iops_stddev" : 37.890239,
        "iops_samples" : 2400
      },
      "trim" : {
        "io_bytes" : 0,
        "io_kbytes" : 0,
        "bw_bytes" : 0,
        "bw" : 0,
        "iops" : 0.000000,
        "runtime" : 0,
        "total_ios" : 0,
        "short_ios" : 0,
        "drop_ios" : 0,
        "slat_ns" : {
          "min" : 0,
          "max" : 0,
          "mean" : 0.000000,
          "stddev" : 0.000000,
          "N" : 0
        },
        "clat_ns" : {
          "min" : 0,
          "max" : 0,
          "mean" : 0.000000,
          "stddev" : 0.000000,
          "N" : 0
        },
        "lat_ns" : {
          "min" : 0,
          "max" : 0,
          "mean" : 0.000000,
          "stddev" : 0.000000,
          "N" : 0
        },
        "bw_min" : 0,
        "bw_max" : 0,
        "bw_agg" : 0.000000,
        "bw_mean" : 0.000000,
        "bw_dev" : 0.000000,
        "bw_samples" : 0,
        "iops_min" : 0,
        "iops_max" : 0,
        "iops_mean" : 0.000000,
        "iops_stddev" : 0.000000,
        "iops_samples" : 0
      },
      "sync" : {
        "total_ios" : 0,
        "lat_ns" : {
          "min" : 0,
          "max" : 0,
          "mean" : 0.000000,
          "stddev" : 0.000000,
          "N" : 0
        }
      },
      "job_runtime" : 1200000,
      "usr_cpu" : 99.946417,
      "sys_cpu" : 0.006000,
      "ctx" : 128059,
      "majf" : 0,
      "minf" : 0,
      "iodepth_level" : {
        "1" : 100.000000,
        "2" : 0.000000,
        "4" : 0.000000,
        "8" : 0.000000,
        "16" : 0.000000,
        "32" : 0.000000,
        ">=64" : 0.000000
      },
      "iodepth_submit" : {
        "0" : 0.000000,
        "4" : 0.000000,
        "8" : 0.000000,
        "16" : 0.000000,
        "32" : 0.000000,
        "64" : 0.000000,
        ">=64" : 0.000000
      },
      "iodepth_complete" : {
        "0" : 0.000000,
        "4" : 100.000000,
        "8" : 0.000000,
        "16" : 0.000000,
        "32" : 0.000000,
        "64" : 0.000000,
        ">=64" : 0.000000
      },
      "latency_ns" : {
        "2" : 0.000000,
        "4" : 0.000000,
        "10" : 0.000000,
        "20" : 0.000000,
        "50" : 0.000000,
        "100" : 0.000000,
        "250" : 0.000000,
        "500" : 0.000000,
        "750" : 0.000000,
        "1000" : 0.000000
      },
      "latency_us" : {
        "2" : 0.000000,
        "4" : 0.000000,
        "10" : 0.000000,
        "20" : 0.000000,
        "50" : 0.000000,
        "100" : 0.000000,
        "250" : 0.000000,
        "500" : 0.000000,
        "750" : 0.000000,
        "1000" : 0.000000
      },
      "latency_ms" : {
        "2" : 0.000000,
        "4" : 0.000000,
        "10" : 0.000000,
        "20" : 0.000000,
        "50" : 0.000000,
        "100" : 0.000000,
        "250" : 0.000000,
        "500" : 0.000000,
        "750" : 0.000000,
        "1000" : 0.000000,
        "2000" : 0.000000,
        ">=2000" : 100.000000
      },
      "latency_depth" : 1,
      "latency_target" : 0,
      "latency_percentile" : 100.000000,
      "latency_window" : 0
    }
  ],
  "disk_util" : [
    {
      "name" : "nvme6n2",
      "read_ios" : 15139818,
      "write_ios" : 797357,
      "read_merges" : 0,
      "write_merges" : 0,
      "read_ticks" : 1144543,
      "write_ticks" : 11954,
      "in_queue" : 1156497,
      "util" : 99.997842
    }
  ]
}
