{
  "fio version" : "fio-3.32",
  "timestamp" : 1674764355,
  "timestamp_ms" : 1674764355251,
  "time" : "Thu Jan 26 20:19:15 2023",
  "global options" : {
    "ioengine" : "io_uring",
    "fixedbufs" : "1",
    "sqthread_poll" : "1",
    "registerfiles" : "1",
    "direct" : "1",
    "offset" : "0",
    "size" : "100%",
    "filename" : "/dev/nvme4n1",
    "rw" : "randrw",
    "rwmixread" : "95",
    "thread" : "1",
    "time_based" : "1",
    "runtime" : "20m",
    "ramp_time" : "5"
  },
  "jobs" : [
    {
      "jobname" : "rw",
      "groupid" : 0,
      "error" : 0,
      "eta" : 0,
      "elapsed" : 1206,
      "job options" : {
        "name" : "rw",
        "iodepth" : "64",
        "numjobs" : "1",
        "bs" : "4096",
        "lat_percentiles" : "1",
        "percentile_list" : "50:75:90:95:99:99.9:99.999"
      },
      "read" : {
        "io_bytes" : 967228915712,
        "io_kbytes" : 944559488,
        "bw_bytes" : 806022753,
        "bw" : 787131,
        "iops" : 196782.846195,
        "runtime" : 1200002,
        "total_ios" : 236139809,
        "short_ios" : 0,
        "drop_ios" : 0,
        "slat_ns" : {
          "min" : 0,
          "max" : 0,
          "mean" : 0.000000,
          "stddev" : 0.000000,
          "N" : 0
        },
        "clat_ns" : {
          "min" : 5136019027,
          "max" : 1205136994752,
          "mean" : 581649205576.828003,
          "stddev" : 349403001435.262207,
          "N" : 236139872,
          "percentile" : {
            "50.000000" : 17112760320,
            "75.000000" : 17112760320,
            "90.000000" : 17112760320,
            "95.000000" : 17112760320,
            "99.000000" : 17112760320,
            "99.900000" : 17112760320,
            "99.999000" : 17112760320
          }
        },
        "lat_ns" : {
          "min" : 25269,
          "max" : 7069477,
          "mean" : 323783.431116,
          "stddev" : 233516.109308,
          "N" : 236139872,
          "percentile" : {
            "50.000000" : 292864,
            "75.000000" : 456704,
            "90.000000" : 552960,
            "95.000000" : 651264,
            "99.000000" : 1089536,
            "99.900000" : 2244608,
            "99.999000" : 4112384
          }
        },
        "bw_min" : 396688,
        "bw_max" : 924376,
        "bw_agg" : 100.000000,
        "bw_mean" : 787257.060000,
        "bw_dev" : 72381.773120,
        "bw_samples" : 2400,
        "iops_min" : 99172,
        "iops_max" : 231094,
        "iops_mean" : 196814.235417,
        "iops_stddev" : 18095.445341,
        "iops_samples" : 2400
      },
      "write" : {
        "io_bytes" : 50913787904,
        "io_kbytes" : 49720496,
        "bw_bytes" : 42428085,
        "bw" : 41433,
        "iops" : 10358.419403,
        "runtime" : 1200002,
        "total_ios" : 12430124,
        "short_ios" : 0,
        "drop_ios" : 0,
        "slat_ns" : {
          "min" : 0,
          "max" : 0,
          "mean" : 0.000000,
          "stddev" : 0.000000,
          "N" : 0
        },
        "clat_ns" : {
          "min" : 5136073734,
          "max" : 1205135942189,
          "mean" : 581690278016.328857,
          "stddev" : 349318736935.509766,
          "N" : 12430124,
          "percentile" : {
            "50.000000" : 17112760320,
            "75.000000" : 17112760320,
            "90.000000" : 17112760320,
            "95.000000" : 17112760320,
            "99.000000" : 17112760320,
            "99.900000" : 17112760320,
            "99.999000" : 17112760320
          }
        },
        "lat_ns" : {
          "min" : 11619,
          "max" : 220698,
          "mean" : 17829.802676,
          "stddev" : 4196.486261,
          "N" : 12430124,
          "percentile" : {
            "50.000000" : 16768,
            "75.000000" : 19584,
            "90.000000" : 22912,
            "95.000000" : 25472,
            "99.000000" : 32640,
            "99.900000" : 47872,
            "99.999000" : 96768
          }
        },
        "bw_min" : 20720,
        "bw_max" : 49760,
        "bw_agg" : 100.000000,
        "bw_mean" : 41440.245833,
        "bw_dev" : 3848.387190,
        "bw_samples" : 2400,
        "iops_min" : 5180,
        "iops_max" : 12440,
        "iops_mean" : 10360.030833,
        "iops_stddev" : 962.096749,
        "iops_samples" : 2400
      },
      "trim" : {
        "io_bytes" : 0,
        "io_kbytes" : 0,
        "bw_bytes" : 0,
        "bw" : 0,
        "iops" : 0.000000,
        "runtime" : 0,
        "total_ios" : 0,
        "short_ios" : 0,
        "drop_ios" : 0,
        "slat_ns" : {
          "min" : 0,
          "max" : 0,
          "mean" : 0.000000,
          "stddev" : 0.000000,
          "N" : 0
        },
        "clat_ns" : {
          "min" : 0,
          "max" : 0,
          "mean" : 0.000000,
          "stddev" : 0.000000,
          "N" : 0
        },
        "lat_ns" : {
          "min" : 0,
          "max" : 0,
          "mean" : 0.000000,
          "stddev" : 0.000000,
          "N" : 0
        },
        "bw_min" : 0,
        "bw_max" : 0,
        "bw_agg" : 0.000000,
        "bw_mean" : 0.000000,
        "bw_dev" : 0.000000,
        "bw_samples" : 0,
        "iops_min" : 0,
        "iops_max" : 0,
        "iops_mean" : 0.000000,
        "iops_stddev" : 0.000000,
        "iops_samples" : 0
      },
      "sync" : {
        "total_ios" : 0,
        "lat_ns" : {
          "min" : 0,
          "max" : 0,
          "mean" : 0.000000,
          "stddev" : 0.000000,
          "N" : 0
        }
      },
      "job_runtime" : 1200001,
      "usr_cpu" : 99.941583,
      "sys_cpu" : 0.001667,
      "ctx" : 128151,
      "majf" : 0,
      "minf" : 0,
      "iodepth_level" : {
        "1" : 0.000000,
        "2" : 0.000000,
        "4" : 0.000000,
        "8" : 0.000000,
        "16" : 0.000000,
        "32" : 0.000000,
        ">=64" : 100.000000
      },
      "iodepth_submit" : {
        "0" : 0.000000,
        "4" : 0.000000,
        "8" : 0.000000,
        "16" : 0.000000,
        "32" : 0.000000,
        "64" : 0.000000,
        ">=64" : 0.000000
      },
      "iodepth_complete" : {
        "0" : 0.000000,
        "4" : 100.000000,
        "8" : 0.000000,
        "16" : 0.000000,
        "32" : 0.000000,
        "64" : 0.100000,
        ">=64" : 0.000000
      },
      "latency_ns" : {
        "2" : 0.000000,
        "4" : 0.000000,
        "10" : 0.000000,
        "20" : 0.000000,
        "50" : 0.000000,
        "100" : 0.000000,
        "250" : 0.000000,
        "500" : 0.000000,
        "750" : 0.000000,
        "1000" : 0.000000
      },
      "latency_us" : {
        "2" : 0.000000,
        "4" : 0.000000,
        "10" : 0.000000,
        "20" : 0.000000,
        "50" : 0.000000,
        "100" : 0.000000,
        "250" : 0.000000,
        "500" : 0.000000,
        "750" : 0.000000,
        "1000" : 0.000000
      },
      "latency_ms" : {
        "2" : 0.000000,
        "4" : 0.000000,
        "10" : 0.000000,
        "20" : 0.000000,
        "50" : 0.000000,
        "100" : 0.000000,
        "250" : 0.000000,
        "500" : 0.000000,
        "750" : 0.000000,
        "1000" : 0.000000,
        "2000" : 0.000000,
        ">=2000" : 100.000025
      },
      "latency_depth" : 64,
      "latency_target" : 0,
      "latency_percentile" : 100.000000,
      "latency_window" : 0
    }
  ],
  "disk_util" : [
    {
      "name" : "nvme4n1",
      "read_ios" : 237205315,
      "write_ios" : 12486339,
      "read_merges" : 395,
      "write_merges" : 1,
      "read_ticks" : 75673981,
      "write_ticks" : 145934,
      "in_queue" : 75819916,
      "util" : 100.000000
    }
  ]
}
