{
  "fio version" : "fio-3.32",
  "timestamp" : 1674747481,
  "timestamp_ms" : 1674747481058,
  "time" : "Thu Jan 26 15:38:01 2023",
  "global options" : {
    "ioengine" : "io_uring",
    "fixedbufs" : "1",
    "sqthread_poll" : "1",
    "registerfiles" : "1",
    "direct" : "1",
    "offset" : "0",
    "size" : "100%",
    "filename" : "/dev/nvme4n1",
    "rw" : "randrw",
    "rwmixread" : "99",
    "thread" : "1",
    "time_based" : "1",
    "runtime" : "20m",
    "ramp_time" : "5"
  },
  "jobs" : [
    {
      "jobname" : "rw",
      "groupid" : 0,
      "error" : 0,
      "eta" : 0,
      "elapsed" : 1206,
      "job options" : {
        "name" : "rw",
        "iodepth" : "1",
        "numjobs" : "1",
        "bs" : "4096",
        "lat_percentiles" : "1",
        "percentile_list" : "50:75:90:95:99:99.9:99.999"
      },
      "read" : {
        "io_bytes" : 125567160320,
        "io_kbytes" : 122624180,
        "bw_bytes" : 104639213,
        "bw" : 102186,
        "iops" : 25546.682878,
        "runtime" : 1200001,
        "total_ios" : 30656045,
        "short_ios" : 0,
        "drop_ios" : 0,
        "slat_ns" : {
          "min" : 0,
          "max" : 0,
          "mean" : 0.000000,
          "stddev" : 0.000000,
          "N" : 0
        },
        "clat_ns" : {
          "min" : 5135310260,
          "max" : 1205135271739,
          "mean" : 608055190359.054810,
          "stddev" : 344962195459.581177,
          "N" : 30656045,
          "percentile" : {
            "50.000000" : 17112760320,
            "75.000000" : 17112760320,
            "90.000000" : 17112760320,
            "95.000000" : 17112760320,
            "99.000000" : 17112760320,
            "99.900000" : 17112760320,
            "99.999000" : 17112760320
          }
        },
        "lat_ns" : {
          "min" : 24690,
          "max" : 1081909,
          "mean" : 38421.752874,
          "stddev" : 21919.105012,
          "N" : 30656045,
          "percentile" : {
            "50.000000" : 25728,
            "75.000000" : 69120,
            "90.000000" : 71168,
            "95.000000" : 82432,
            "99.000000" : 83456,
            "99.900000" : 85504,
            "99.999000" : 419840
          }
        },
        "bw_min" : 83592,
        "bw_max" : 103152,
        "bw_agg" : 100.000000,
        "bw_mean" : 102198.634014,
        "bw_dev" : 2683.190570,
        "bw_samples" : 2399,
        "iops_min" : 20898,
        "iops_max" : 25788,
        "iops_mean" : 25549.642768,
        "iops_stddev" : 670.799146,
        "iops_samples" : 2399
      },
      "write" : {
        "io_bytes" : 1268363264,
        "io_kbytes" : 1238636,
        "bw_bytes" : 1056968,
        "bw" : 1032,
        "iops" : 258.048952,
        "runtime" : 1200001,
        "total_ios" : 309659,
        "short_ios" : 0,
        "drop_ios" : 0,
        "slat_ns" : {
          "min" : 0,
          "max" : 0,
          "mean" : 0.000000,
          "stddev" : 0.000000,
          "N" : 0
        },
        "clat_ns" : {
          "min" : 5137855362,
          "max" : 1205133972698,
          "mean" : 608660948186.269165,
          "stddev" : 344842970133.692261,
          "N" : 309659,
          "percentile" : {
            "50.000000" : 17112760320,
            "75.000000" : 17112760320,
            "90.000000" : 17112760320,
            "95.000000" : 17112760320,
            "99.000000" : 17112760320,
            "99.900000" : 17112760320,
            "99.999000" : 17112760320
          }
        },
        "lat_ns" : {
          "min" : 11038,
          "max" : 84168,
          "mean" : 11916.024136,
          "stddev" : 543.652287,
          "N" : 309659,
          "percentile" : {
            "50.000000" : 11840,
            "75.000000" : 12096,
            "90.000000" : 12352,
            "95.000000" : 12480,
            "99.000000" : 12864,
            "99.900000" : 14784,
            "99.999000" : 78336
          }
        },
        "bw_min" : 712,
        "bw_max" : 1336,
        "bw_agg" : 99.981078,
        "bw_mean" : 1032.292205,
        "bw_dev" : 95.169324,
        "bw_samples" : 2399,
        "iops_min" : 178,
        "iops_max" : 334,
        "iops_mean" : 258.050021,
        "iops_stddev" : 23.789545,
        "iops_samples" : 2399
      },
      "trim" : {
        "io_bytes" : 0,
        "io_kbytes" : 0,
        "bw_bytes" : 0,
        "bw" : 0,
        "iops" : 0.000000,
        "runtime" : 0,
        "total_ios" : 0,
        "short_ios" : 0,
        "drop_ios" : 0,
        "slat_ns" : {
          "min" : 0,
          "max" : 0,
          "mean" : 0.000000,
          "stddev" : 0.000000,
          "N" : 0
        },
        "clat_ns" : {
          "min" : 0,
          "max" : 0,
          "mean" : 0.000000,
          "stddev" : 0.000000,
          "N" : 0
        },
        "lat_ns" : {
          "min" : 0,
          "max" : 0,
          "mean" : 0.000000,
          "stddev" : 0.000000,
          "N" : 0
        },
        "bw_min" : 0,
        "bw_max" : 0,
        "bw_agg" : 0.000000,
        "bw_mean" : 0.000000,
        "bw_dev" : 0.000000,
        "bw_samples" : 0,
        "iops_min" : 0,
        "iops_max" : 0,
        "iops_mean" : 0.000000,
        "iops_stddev" : 0.000000,
        "iops_samples" : 0
      },
      "sync" : {
        "total_ios" : 0,
        "lat_ns" : {
          "min" : 0,
          "max" : 0,
          "mean" : 0.000000,
          "stddev" : 0.000000,
          "N" : 0
        }
      },
      "job_runtime" : 1200000,
      "usr_cpu" : 99.947917,
      "sys_cpu" : 0.004250,
      "ctx" : 129213,
      "majf" : 0,
      "minf" : 0,
      "iodepth_level" : {
        "1" : 100.000000,
        "2" : 0.000000,
        "4" : 0.000000,
        "8" : 0.000000,
        "16" : 0.000000,
        "32" : 0.000000,
        ">=64" : 0.000000
      },
      "iodepth_submit" : {
        "0" : 0.000000,
        "4" : 0.000000,
        "8" : 0.000000,
        "16" : 0.000000,
        "32" : 0.000000,
        "64" : 0.000000,
        ">=64" : 0.000000
      },
      "iodepth_complete" : {
        "0" : 0.000000,
        "4" : 100.000000,
        "8" : 0.000000,
        "16" : 0.000000,
        "32" : 0.000000,
        "64" : 0.000000,
        ">=64" : 0.000000
      },
      "latency_ns" : {
        "2" : 0.000000,
        "4" : 0.000000,
        "10" : 0.000000,
        "20" : 0.000000,
        "50" : 0.000000,
        "100" : 0.000000,
        "250" : 0.000000,
        "500" : 0.000000,
        "750" : 0.000000,
        "1000" : 0.000000
      },
      "latency_us" : {
        "2" : 0.000000,
        "4" : 0.000000,
        "10" : 0.000000,
        "20" : 0.000000,
        "50" : 0.000000,
        "100" : 0.000000,
        "250" : 0.000000,
        "500" : 0.000000,
        "750" : 0.000000,
        "1000" : 0.000000
      },
      "latency_ms" : {
        "2" : 0.000000,
        "4" : 0.000000,
        "10" : 0.000000,
        "20" : 0.000000,
        "50" : 0.000000,
        "100" : 0.000000,
        "250" : 0.000000,
        "500" : 0.000000,
        "750" : 0.000000,
        "1000" : 0.000000,
        "2000" : 0.000000,
        ">=2000" : 100.000000
      },
      "latency_depth" : 1,
      "latency_target" : 0,
      "latency_percentile" : 100.000000,
      "latency_window" : 0
    }
  ],
  "disk_util" : [
    {
      "name" : "nvme4n1",
      "read_ios" : 30757281,
      "write_ios" : 310688,
      "read_merges" : 0,
      "write_merges" : 0,
      "read_ticks" : 1132763,
      "write_ticks" : 3077,
      "in_queue" : 1135841,
      "util" : 100.000000
    }
  ]
}
