{
  "fio version" : "fio-3.32",
  "timestamp" : 1674598821,
  "timestamp_ms" : 1674598821783,
  "time" : "Tue Jan 24 22:20:21 2023",
  "global options" : {
    "ioengine" : "spdk",
    "direct" : "1",
    "offset" : "0",
    "size" : "100%",
    "filename" : "trtype=PCIe traddr=0000.b0.00.0 ns=2",
    "zonemode" : "zbd",
    "rw" : "randrw",
    "rwmixread" : "90",
    "zone_append" : "1",
    "thread" : "1",
    "time_based" : "1",
    "runtime" : "20m",
    "ramp_time" : "5"
  },
  "jobs" : [
    {
      "jobname" : "rw",
      "groupid" : 0,
      "error" : 0,
      "eta" : 0,
      "elapsed" : 1206,
      "job options" : {
        "name" : "rw",
        "iodepth" : "128",
        "numjobs" : "1",
        "bs" : "4096",
        "lat_percentiles" : "1",
        "percentile_list" : "50:75:90:95:99:99.9:99.999"
      },
      "read" : {
        "io_bytes" : 1270038474752,
        "io_kbytes" : 1240271948,
        "bw_bytes" : 1058362749,
        "bw" : 1033557,
        "iops" : 258389.236527,
        "runtime" : 1200003,
        "total_ios" : 310067859,
        "short_ios" : 0,
        "drop_ios" : 0,
        "slat_ns" : {
          "min" : 161,
          "max" : 33159,
          "mean" : 177.665342,
          "stddev" : 27.427722,
          "N" : 310067860
        },
        "clat_ns" : {
          "min" : 6063,
          "max" : 10136014,
          "mean" : 489733.502327,
          "stddev" : 759486.593353,
          "N" : 310067986,
          "percentile" : {
            "50.000000" : 138240,
            "75.000000" : 460800,
            "90.000000" : 1597440,
            "95.000000" : 2277376,
            "99.000000" : 3358720,
            "99.900000" : 4751360,
            "99.999000" : 7372800
          }
        },
        "lat_ns" : {
          "min" : 6230,
          "max" : 10136188,
          "mean" : 489911.167668,
          "stddev" : 759486.609264,
          "N" : 310067986,
          "percentile" : {
            "50.000000" : 138240,
            "75.000000" : 460800,
            "90.000000" : 1597440,
            "95.000000" : 2277376,
            "99.000000" : 3358720,
            "99.900000" : 4751360,
            "99.999000" : 7372800
          }
        },
        "bw_min" : 729859,
        "bw_max" : 1062600,
        "bw_agg" : 100.000000,
        "bw_mean" : 1033626.337500,
        "bw_dev" : 22379.235934,
        "bw_samples" : 2400,
        "iops_min" : 182464,
        "iops_max" : 265650,
        "iops_mean" : 258406.555000,
        "iops_stddev" : 5594.822317,
        "iops_samples" : 2400
      },
      "write" : {
        "io_bytes" : 141126582272,
        "io_kbytes" : 137818928,
        "bw_bytes" : 117605191,
        "bw" : 114848,
        "iops" : 28712.204886,
        "runtime" : 1200003,
        "total_ios" : 34454732,
        "short_ios" : 0,
        "drop_ios" : 0,
        "slat_ns" : {
          "min" : 431,
          "max" : 30414,
          "mean" : 563.318346,
          "stddev" : 100.720332,
          "N" : 34454732
        },
        "clat_ns" : {
          "min" : 13401,
          "max" : 843844,
          "mean" : 33776.800564,
          "stddev" : 22201.190043,
          "N" : 34454732,
          "percentile" : {
            "50.000000" : 27008,
            "75.000000" : 36608,
            "90.000000" : 55040,
            "95.000000" : 74240,
            "99.000000" : 128512,
            "99.900000" : 226304,
            "99.999000" : 370688
          }
        },
        "lat_ns" : {
          "min" : 13950,
          "max" : 844369,
          "mean" : 34340.118910,
          "stddev" : 22201.234815,
          "N" : 34454732,
          "percentile" : {
            "50.000000" : 27520,
            "75.000000" : 37120,
            "90.000000" : 55552,
            "95.000000" : 75264,
            "99.000000" : 128512,
            "99.900000" : 228352,
            "99.999000" : 370688
          }
        },
        "bw_min" : 80705,
        "bw_max" : 118728,
        "bw_agg" : 100.000000,
        "bw_mean" : 114856.494583,
        "bw_dev" : 2602.919389,
        "bw_samples" : 2400,
        "iops_min" : 20176,
        "iops_max" : 29682,
        "iops_mean" : 28714.113333,
        "iops_stddev" : 650.720002,
        "iops_samples" : 2400
      },
      "trim" : {
        "io_bytes" : 0,
        "io_kbytes" : 0,
        "bw_bytes" : 0,
        "bw" : 0,
        "iops" : 0.000000,
        "runtime" : 0,
        "total_ios" : 0,
        "short_ios" : 0,
        "drop_ios" : 0,
        "slat_ns" : {
          "min" : 0,
          "max" : 0,
          "mean" : 0.000000,
          "stddev" : 0.000000,
          "N" : 0
        },
        "clat_ns" : {
          "min" : 0,
          "max" : 0,
          "mean" : 0.000000,
          "stddev" : 0.000000,
          "N" : 0
        },
        "lat_ns" : {
          "min" : 0,
          "max" : 0,
          "mean" : 0.000000,
          "stddev" : 0.000000,
          "N" : 0
        },
        "bw_min" : 0,
        "bw_max" : 0,
        "bw_agg" : 0.000000,
        "bw_mean" : 0.000000,
        "bw_dev" : 0.000000,
        "bw_samples" : 0,
        "iops_min" : 0,
        "iops_max" : 0,
        "iops_mean" : 0.000000,
        "iops_stddev" : 0.000000,
        "iops_samples" : 0
      },
      "sync" : {
        "total_ios" : 0,
        "lat_ns" : {
          "min" : 0,
          "max" : 0,
          "mean" : 0.000000,
          "stddev" : 0.000000,
          "N" : 0
        }
      },
      "job_runtime" : 1200002,
      "usr_cpu" : 100.001583,
      "sys_cpu" : 0.000000,
      "ctx" : 3308,
      "majf" : 0,
      "minf" : 0,
      "iodepth_level" : {
        "1" : 0.100000,
        "2" : 0.100000,
        "4" : 0.100000,
        "8" : 0.100000,
        "16" : 0.100000,
        "32" : 0.100000,
        ">=64" : 99.997915
      },
      "iodepth_submit" : {
        "0" : 0.000000,
        "4" : 100.000000,
        "8" : 0.000000,
        "16" : 0.000000,
        "32" : 0.000000,
        "64" : 0.000000,
        ">=64" : 0.000000
      },
      "iodepth_complete" : {
        "0" : 0.000000,
        "4" : 100.000000,
        "8" : 0.000000,
        "16" : 0.000000,
        "32" : 0.000000,
        "64" : 0.000000,
        ">=64" : 0.100000
      },
      "latency_ns" : {
        "2" : 0.000000,
        "4" : 0.000000,
        "10" : 0.000000,
        "20" : 0.000000,
        "50" : 0.000000,
        "100" : 0.000000,
        "250" : 0.000000,
        "500" : 0.000000,
        "750" : 0.000000,
        "1000" : 0.000000
      },
      "latency_us" : {
        "2" : 0.000000,
        "4" : 0.000000,
        "10" : 1.610298,
        "20" : 2.264113,
        "50" : 7.694648,
        "100" : 27.737753,
        "250" : 32.253069,
        "500" : 6.587560,
        "750" : 3.568952,
        "1000" : 3.182880
      },
      "latency_ms" : {
        "2" : 9.060209,
        "4" : 5.760796,
        "10" : 0.279752,
        "20" : 0.010000,
        "50" : 0.000000,
        "100" : 0.000000,
        "250" : 0.000000,
        "500" : 0.000000,
        "750" : 0.000000,
        "1000" : 0.000000,
        "2000" : 0.000000,
        ">=2000" : 0.000000
      },
      "latency_depth" : 128,
      "latency_target" : 0,
      "latency_percentile" : 100.000000,
      "latency_window" : 0
    }
  ]
}
