{
  "fio version" : "fio-3.32",
  "timestamp" : 1674560639,
  "timestamp_ms" : 1674560639491,
  "time" : "Tue Jan 24 11:43:59 2023",
  "global options" : {
    "ioengine" : "spdk",
    "direct" : "1",
    "offset" : "0",
    "size" : "100%",
    "filename" : "trtype=PCIe traddr=0000.b0.00.0 ns=2",
    "zonemode" : "zbd",
    "rw" : "randrw",
    "rwmixread" : "95",
    "zone_append" : "1",
    "thread" : "1",
    "time_based" : "1",
    "runtime" : "20m",
    "ramp_time" : "5"
  },
  "jobs" : [
    {
      "jobname" : "rw",
      "groupid" : 0,
      "error" : 0,
      "eta" : 0,
      "elapsed" : 1206,
      "job options" : {
        "name" : "rw",
        "iodepth" : "2",
        "numjobs" : "1",
        "bs" : "4096",
        "lat_percentiles" : "1",
        "percentile_list" : "50:75:90:95:99:99.9:99.999"
      },
      "read" : {
        "io_bytes" : 133723766784,
        "io_kbytes" : 130589616,
        "bw_bytes" : 111436379,
        "bw" : 108824,
        "iops" : 27206.146495,
        "runtime" : 1200001,
        "total_ios" : 32647403,
        "short_ios" : 0,
        "drop_ios" : 0,
        "slat_ns" : {
          "min" : 166,
          "max" : 19621,
          "mean" : 195.028481,
          "stddev" : 28.781291,
          "N" : 32647403
        },
        "clat_ns" : {
          "min" : 6015,
          "max" : 2257273,
          "mean" : 71774.365716,
          "stddev" : 19928.369927,
          "N" : 32647404,
          "percentile" : {
            "50.000000" : 69120,
            "75.000000" : 81408,
            "90.000000" : 82432,
            "95.000000" : 82432,
            "99.000000" : 119296,
            "99.900000" : 236544,
            "99.999000" : 1236992
          }
        },
        "lat_ns" : {
          "min" : 6238,
          "max" : 2257453,
          "mean" : 71969.394197,
          "stddev" : 19928.243875,
          "N" : 32647404,
          "percentile" : {
            "50.000000" : 69120,
            "75.000000" : 81408,
            "90.000000" : 82432,
            "95.000000" : 82432,
            "99.000000" : 119296,
            "99.900000" : 236544,
            "99.999000" : 1236992
          }
        },
        "bw_min" : 93600,
        "bw_max" : 109880,
        "bw_agg" : 100.000000,
        "bw_mean" : 108830.799583,
        "bw_dev" : 1112.967955,
        "bw_samples" : 2400,
        "iops_min" : 23400,
        "iops_max" : 27470,
        "iops_mean" : 27207.690417,
        "iops_stddev" : 278.243590,
        "iops_samples" : 2400
      },
      "write" : {
        "io_bytes" : 7034241024,
        "io_kbytes" : 6869376,
        "bw_bytes" : 5861862,
        "bw" : 5724,
        "iops" : 1431.118807,
        "runtime" : 1200001,
        "total_ios" : 1717344,
        "short_ios" : 0,
        "drop_ios" : 0,
        "slat_ns" : {
          "min" : 361,
          "max" : 14195,
          "mean" : 573.534008,
          "stddev" : 121.540731,
          "N" : 1717344
        },
        "clat_ns" : {
          "min" : 13164,
          "max" : 248279,
          "mean" : 16657.691029,
          "stddev" : 1281.427350,
          "N" : 1717344,
          "percentile" : {
            "50.000000" : 16512,
            "75.000000" : 17024,
            "90.000000" : 17280,
            "95.000000" : 18048,
            "99.000000" : 20096,
            "99.900000" : 22144,
            "99.999000" : 140288
          }
        },
        "lat_ns" : {
          "min" : 13690,
          "max" : 248833,
          "mean" : 17231.225037,
          "stddev" : 1285.502703,
          "N" : 1717344,
          "percentile" : {
            "50.000000" : 17024,
            "75.000000" : 17536,
            "90.000000" : 18048,
            "95.000000" : 18560,
            "99.000000" : 20608,
            "99.900000" : 22656,
            "99.999000" : 140288
          }
        },
        "bw_min" : 4920,
        "bw_max" : 6565,
        "bw_agg" : 99.991709,
        "bw_mean" : 5724.791250,
        "bw_dev" : 228.435902,
        "bw_samples" : 2400,
        "iops_min" : 1230,
        "iops_max" : 1641,
        "iops_mean" : 1431.180000,
        "iops_stddev" : 57.110477,
        "iops_samples" : 2400
      },
      "trim" : {
        "io_bytes" : 0,
        "io_kbytes" : 0,
        "bw_bytes" : 0,
        "bw" : 0,
        "iops" : 0.000000,
        "runtime" : 0,
        "total_ios" : 0,
        "short_ios" : 0,
        "drop_ios" : 0,
        "slat_ns" : {
          "min" : 0,
          "max" : 0,
          "mean" : 0.000000,
          "stddev" : 0.000000,
          "N" : 0
        },
        "clat_ns" : {
          "min" : 0,
          "max" : 0,
          "mean" : 0.000000,
          "stddev" : 0.000000,
          "N" : 0
        },
        "lat_ns" : {
          "min" : 0,
          "max" : 0,
          "mean" : 0.000000,
          "stddev" : 0.000000,
          "N" : 0
        },
        "bw_min" : 0,
        "bw_max" : 0,
        "bw_agg" : 0.000000,
        "bw_mean" : 0.000000,
        "bw_dev" : 0.000000,
        "bw_samples" : 0,
        "iops_min" : 0,
        "iops_max" : 0,
        "iops_mean" : 0.000000,
        "iops_stddev" : 0.000000,
        "iops_samples" : 0
      },
      "sync" : {
        "total_ios" : 0,
        "lat_ns" : {
          "min" : 0,
          "max" : 0,
          "mean" : 0.000000,
          "stddev" : 0.000000,
          "N" : 0
        }
      },
      "job_runtime" : 1200000,
      "usr_cpu" : 100.001333,
      "sys_cpu" : 0.000000,
      "ctx" : 4087,
      "majf" : 0,
      "minf" : 0,
      "iodepth_level" : {
        "1" : 0.000000,
        "2" : 100.000000,
        "4" : 0.000000,
        "8" : 0.000000,
        "16" : 0.000000,
        "32" : 0.000000,
        ">=64" : 0.000000
      },
      "iodepth_submit" : {
        "0" : 0.000000,
        "4" : 100.000000,
        "8" : 0.000000,
        "16" : 0.000000,
        "32" : 0.000000,
        "64" : 0.000000,
        ">=64" : 0.000000
      },
      "iodepth_complete" : {
        "0" : 0.000000,
        "4" : 100.000000,
        "8" : 0.000000,
        "16" : 0.000000,
        "32" : 0.000000,
        "64" : 0.000000,
        ">=64" : 0.000000
      },
      "latency_ns" : {
        "2" : 0.000000,
        "4" : 0.000000,
        "10" : 0.000000,
        "20" : 0.000000,
        "50" : 0.000000,
        "100" : 0.000000,
        "250" : 0.000000,
        "500" : 0.000000,
        "750" : 0.000000,
        "1000" : 0.000000
      },
      "latency_us" : {
        "2" : 0.000000,
        "4" : 0.000000,
        "10" : 4.115092,
        "20" : 4.943377,
        "50" : 0.054201,
        "100" : 89.124925,
        "250" : 1.684532,
        "500" : 0.069909,
        "750" : 0.010000,
        "1000" : 0.010000
      },
      "latency_ms" : {
        "2" : 0.010000,
        "4" : 0.010000,
        "10" : 0.000000,
        "20" : 0.000000,
        "50" : 0.000000,
        "100" : 0.000000,
        "250" : 0.000000,
        "500" : 0.000000,
        "750" : 0.000000,
        "1000" : 0.000000,
        "2000" : 0.000000,
        ">=2000" : 0.000000
      },
      "latency_depth" : 2,
      "latency_target" : 0,
      "latency_percentile" : 100.000000,
      "latency_window" : 0
    }
  ]
}
