{
  "fio version" : "fio-3.32",
  "timestamp" : 1674559422,
  "timestamp_ms" : 1674559422572,
  "time" : "Tue Jan 24 11:23:42 2023",
  "global options" : {
    "ioengine" : "spdk",
    "direct" : "1",
    "offset" : "0",
    "size" : "100%",
    "filename" : "trtype=PCIe traddr=0000.b0.00.0 ns=2",
    "zonemode" : "zbd",
    "rw" : "randrw",
    "rwmixread" : "95",
    "zone_append" : "1",
    "thread" : "1",
    "time_based" : "1",
    "runtime" : "20m",
    "ramp_time" : "5"
  },
  "jobs" : [
    {
      "jobname" : "rw",
      "groupid" : 0,
      "error" : 0,
      "eta" : 0,
      "elapsed" : 1206,
      "job options" : {
        "name" : "rw",
        "iodepth" : "1",
        "numjobs" : "1",
        "bs" : "4096",
        "lat_percentiles" : "1",
        "percentile_list" : "50:75:90:95:99:99.9:99.999"
      },
      "read" : {
        "io_bytes" : 67994812416,
        "io_kbytes" : 66401184,
        "bw_bytes" : 56662343,
        "bw" : 55334,
        "iops" : 13833.580000,
        "runtime" : 1200000,
        "total_ios" : 16600296,
        "short_ios" : 0,
        "drop_ios" : 0,
        "slat_ns" : {
          "min" : 161,
          "max" : 282177,
          "mean" : 199.764992,
          "stddev" : 74.205124,
          "N" : 16600296
        },
        "clat_ns" : {
          "min" : 6053,
          "max" : 2233221,
          "mean" : 70528.946885,
          "stddev" : 17873.525091,
          "N" : 16600296,
          "percentile" : {
            "50.000000" : 69120,
            "75.000000" : 81408,
            "90.000000" : 81408,
            "95.000000" : 81408,
            "99.000000" : 82432,
            "99.900000" : 205824,
            "99.999000" : 1236992
          }
        },
        "lat_ns" : {
          "min" : 6251,
          "max" : 2233406,
          "mean" : 70728.711878,
          "stddev" : 17873.746199,
          "N" : 16600296,
          "percentile" : {
            "50.000000" : 69120,
            "75.000000" : 81408,
            "90.000000" : 81408,
            "95.000000" : 82432,
            "99.000000" : 82432,
            "99.900000" : 205824,
            "99.999000" : 1236992
          }
        },
        "bw_min" : 48192,
        "bw_max" : 56032,
        "bw_agg" : 100.000000,
        "bw_mean" : 55337.036265,
        "bw_dev" : 571.558086,
        "bw_samples" : 2399,
        "iops_min" : 12048,
        "iops_max" : 14008,
        "iops_mean" : 13834.240934,
        "iops_stddev" : 142.892356,
        "iops_samples" : 2399
      },
      "write" : {
        "io_bytes" : 3580477440,
        "io_kbytes" : 3496560,
        "bw_bytes" : 2983731,
        "bw" : 2913,
        "iops" : 728.450000,
        "runtime" : 1200000,
        "total_ios" : 874140,
        "short_ios" : 0,
        "drop_ios" : 0,
        "slat_ns" : {
          "min" : 353,
          "max" : 11286,
          "mean" : 573.807834,
          "stddev" : 148.424463,
          "N" : 874140
        },
        "clat_ns" : {
          "min" : 13023,
          "max" : 232790,
          "mean" : 16521.126135,
          "stddev" : 974.004714,
          "N" : 874140,
          "percentile" : {
            "50.000000" : 16512,
            "75.000000" : 16768,
            "90.000000" : 17024,
            "95.000000" : 17280,
            "99.000000" : 17792,
            "99.900000" : 19072,
            "99.999000" : 140288
          }
        },
        "lat_ns" : {
          "min" : 13633,
          "max" : 233239,
          "mean" : 17094.933969,
          "stddev" : 979.541042,
          "N" : 874140,
          "percentile" : {
            "50.000000" : 17024,
            "75.000000" : 17536,
            "90.000000" : 17792,
            "95.000000" : 17792,
            "99.000000" : 18304,
            "99.900000" : 19840,
            "99.999000" : 140288
          }
        },
        "bw_min" : 2392,
        "bw_max" : 3464,
        "bw_agg" : 99.972551,
        "bw_mean" : 2913.897457,
        "bw_dev" : 157.336601,
        "bw_samples" : 2399,
        "iops_min" : 598,
        "iops_max" : 866,
        "iops_mean" : 728.466028,
        "iops_stddev" : 39.330792,
        "iops_samples" : 2399
      },
      "trim" : {
        "io_bytes" : 0,
        "io_kbytes" : 0,
        "bw_bytes" : 0,
        "bw" : 0,
        "iops" : 0.000000,
        "runtime" : 0,
        "total_ios" : 0,
        "short_ios" : 0,
        "drop_ios" : 0,
        "slat_ns" : {
          "min" : 0,
          "max" : 0,
          "mean" : 0.000000,
          "stddev" : 0.000000,
          "N" : 0
        },
        "clat_ns" : {
          "min" : 0,
          "max" : 0,
          "mean" : 0.000000,
          "stddev" : 0.000000,
          "N" : 0
        },
        "lat_ns" : {
          "min" : 0,
          "max" : 0,
          "mean" : 0.000000,
          "stddev" : 0.000000,
          "N" : 0
        },
        "bw_min" : 0,
        "bw_max" : 0,
        "bw_agg" : 0.000000,
        "bw_mean" : 0.000000,
        "bw_dev" : 0.000000,
        "bw_samples" : 0,
        "iops_min" : 0,
        "iops_max" : 0,
        "iops_mean" : 0.000000,
        "iops_stddev" : 0.000000,
        "iops_samples" : 0
      },
      "sync" : {
        "total_ios" : 0,
        "lat_ns" : {
          "min" : 0,
          "max" : 0,
          "mean" : 0.000000,
          "stddev" : 0.000000,
          "N" : 0
        }
      },
      "job_runtime" : 1200000,
      "usr_cpu" : 99.999750,
      "sys_cpu" : 0.000333,
      "ctx" : 2995,
      "majf" : 0,
      "minf" : 0,
      "iodepth_level" : {
        "1" : 100.000000,
        "2" : 0.000000,
        "4" : 0.000000,
        "8" : 0.000000,
        "16" : 0.000000,
        "32" : 0.000000,
        ">=64" : 0.000000
      },
      "iodepth_submit" : {
        "0" : 0.000000,
        "4" : 100.000000,
        "8" : 0.000000,
        "16" : 0.000000,
        "32" : 0.000000,
        "64" : 0.000000,
        ">=64" : 0.000000
      },
      "iodepth_complete" : {
        "0" : 0.000000,
        "4" : 100.000000,
        "8" : 0.000000,
        "16" : 0.000000,
        "32" : 0.000000,
        "64" : 0.000000,
        ">=64" : 0.000000
      },
      "latency_ns" : {
        "2" : 0.000000,
        "4" : 0.000000,
        "10" : 0.000000,
        "20" : 0.000000,
        "50" : 0.000000,
        "100" : 0.000000,
        "250" : 0.000000,
        "500" : 0.000000,
        "750" : 0.000000,
        "1000" : 0.000000
      },
      "latency_us" : {
        "2" : 0.000000,
        "4" : 0.000000,
        "10" : 4.120402,
        "20" : 5.001134,
        "50" : 0.010000,
        "100" : 90.551603,
        "250" : 0.281812,
        "500" : 0.036728,
        "750" : 0.010000,
        "1000" : 0.010000
      },
      "latency_ms" : {
        "2" : 0.010000,
        "4" : 0.010000,
        "10" : 0.000000,
        "20" : 0.000000,
        "50" : 0.000000,
        "100" : 0.000000,
        "250" : 0.000000,
        "500" : 0.000000,
        "750" : 0.000000,
        "1000" : 0.000000,
        "2000" : 0.000000,
        ">=2000" : 0.000000
      },
      "latency_depth" : 1,
      "latency_target" : 0,
      "latency_percentile" : 100.000000,
      "latency_window" : 0
    }
  ]
}
