{
  "fio version" : "fio-3.32",
  "timestamp" : 1674590971,
  "timestamp_ms" : 1674590971424,
  "time" : "Tue Jan 24 20:09:31 2023",
  "global options" : {
    "ioengine" : "spdk",
    "direct" : "1",
    "offset" : "0",
    "size" : "100%",
    "filename" : "trtype=PCIe traddr=0000.b0.00.0 ns=2",
    "zonemode" : "zbd",
    "rw" : "randrw",
    "rwmixread" : "50",
    "zone_append" : "1",
    "thread" : "1",
    "time_based" : "1",
    "runtime" : "20m",
    "ramp_time" : "5"
  },
  "jobs" : [
    {
      "jobname" : "rw",
      "groupid" : 0,
      "error" : 0,
      "eta" : 0,
      "elapsed" : 1206,
      "job options" : {
        "name" : "rw",
        "iodepth" : "32",
        "numjobs" : "1",
        "bs" : "4096",
        "lat_percentiles" : "1",
        "percentile_list" : "50:75:90:95:99:99.9:99.999"
      },
      "read" : {
        "io_bytes" : 512499331072,
        "io_kbytes" : 500487628,
        "bw_bytes" : 427082419,
        "bw" : 417072,
        "iops" : 104268.148110,
        "runtime" : 1200001,
        "total_ios" : 125121882,
        "short_ios" : 0,
        "drop_ios" : 0,
        "slat_ns" : {
          "min" : 162,
          "max" : 28959,
          "mean" : 180.287232,
          "stddev" : 25.440390,
          "N" : 125121882
        },
        "clat_ns" : {
          "min" : 6127,
          "max" : 5230768,
          "mean" : 217324.080488,
          "stddev" : 168295.149699,
          "N" : 125121907,
          "percentile" : {
            "50.000000" : 154624,
            "75.000000" : 254976,
            "90.000000" : 436224,
            "95.000000" : 552960,
            "99.000000" : 856064,
            "99.900000" : 1351680,
            "99.999000" : 2670592
          }
        },
        "lat_ns" : {
          "min" : 6299,
          "max" : 5230948,
          "mean" : 217504.367721,
          "stddev" : 168295.117433,
          "N" : 125121907,
          "percentile" : {
            "50.000000" : 154624,
            "75.000000" : 257024,
            "90.000000" : 436224,
            "95.000000" : 552960,
            "99.000000" : 856064,
            "99.900000" : 1351680,
            "99.999000" : 2670592
          }
        },
        "bw_min" : 333872,
        "bw_max" : 429520,
        "bw_agg" : 100.000000,
        "bw_mean" : 417099.450188,
        "bw_dev" : 11317.004737,
        "bw_samples" : 2399,
        "iops_min" : 83468,
        "iops_max" : 107380,
        "iops_mean" : 104274.844935,
        "iops_stddev" : 2829.253802,
        "iops_samples" : 2399
      },
      "write" : {
        "io_bytes" : 512551882752,
        "io_kbytes" : 500538948,
        "bw_bytes" : 427126213,
        "bw" : 417115,
        "iops" : 104278.855601,
        "runtime" : 1200001,
        "total_ios" : 125134731,
        "short_ios" : 0,
        "drop_ios" : 0,
        "slat_ns" : {
          "min" : 518,
          "max" : 66980,
          "mean" : 606.612764,
          "stddev" : 99.937886,
          "N" : 125134731
        },
        "clat_ns" : {
          "min" : 13239,
          "max" : 2126873,
          "mean" : 85281.860091,
          "stddev" : 41147.882131,
          "N" : 125134737,
          "percentile" : {
            "50.000000" : 77312,
            "75.000000" : 102912,
            "90.000000" : 138240,
            "95.000000" : 164864,
            "99.000000" : 224256,
            "99.900000" : 305152,
            "99.999000" : 468992
          }
        },
        "lat_ns" : {
          "min" : 13819,
          "max" : 2127448,
          "mean" : 85888.472857,
          "stddev" : 41147.108738,
          "N" : 125134737,
          "percentile" : {
            "50.000000" : 78336,
            "75.000000" : 103936,
            "90.000000" : 138240,
            "95.000000" : 164864,
            "99.000000" : 224256,
            "99.900000" : 305152,
            "99.999000" : 468992
          }
        },
        "bw_min" : 335416,
        "bw_max" : 424824,
        "bw_agg" : 100.000000,
        "bw_mean" : 417142.093789,
        "bw_dev" : 11149.244970,
        "bw_samples" : 2399,
        "iops_min" : 83854,
        "iops_max" : 106206,
        "iops_mean" : 104285.519800,
        "iops_stddev" : 2787.297803,
        "iops_samples" : 2399
      },
      "trim" : {
        "io_bytes" : 0,
        "io_kbytes" : 0,
        "bw_bytes" : 0,
        "bw" : 0,
        "iops" : 0.000000,
        "runtime" : 0,
        "total_ios" : 0,
        "short_ios" : 0,
        "drop_ios" : 0,
        "slat_ns" : {
          "min" : 0,
          "max" : 0,
          "mean" : 0.000000,
          "stddev" : 0.000000,
          "N" : 0
        },
        "clat_ns" : {
          "min" : 0,
          "max" : 0,
          "mean" : 0.000000,
          "stddev" : 0.000000,
          "N" : 0
        },
        "lat_ns" : {
          "min" : 0,
          "max" : 0,
          "mean" : 0.000000,
          "stddev" : 0.000000,
          "N" : 0
        },
        "bw_min" : 0,
        "bw_max" : 0,
        "bw_agg" : 0.000000,
        "bw_mean" : 0.000000,
        "bw_dev" : 0.000000,
        "bw_samples" : 0,
        "iops_min" : 0,
        "iops_max" : 0,
        "iops_mean" : 0.000000,
        "iops_stddev" : 0.000000,
        "iops_samples" : 0
      },
      "sync" : {
        "total_ios" : 0,
        "lat_ns" : {
          "min" : 0,
          "max" : 0,
          "mean" : 0.000000,
          "stddev" : 0.000000,
          "N" : 0
        }
      },
      "job_runtime" : 1200000,
      "usr_cpu" : 100.001250,
      "sys_cpu" : 0.000000,
      "ctx" : 3858,
      "majf" : 0,
      "minf" : 0,
      "iodepth_level" : {
        "1" : 0.100000,
        "2" : 0.100000,
        "4" : 0.100000,
        "8" : 0.100000,
        "16" : 0.100000,
        "32" : 99.994450,
        ">=64" : 0.000000
      },
      "iodepth_submit" : {
        "0" : 0.000000,
        "4" : 100.000000,
        "8" : 0.000000,
        "16" : 0.000000,
        "32" : 0.000000,
        "64" : 0.000000,
        ">=64" : 0.000000
      },
      "iodepth_complete" : {
        "0" : 0.000000,
        "4" : 100.000000,
        "8" : 0.000000,
        "16" : 0.000000,
        "32" : 0.100000,
        "64" : 0.000000,
        ">=64" : 0.000000
      },
      "latency_ns" : {
        "2" : 0.000000,
        "4" : 0.000000,
        "10" : 0.000000,
        "20" : 0.000000,
        "50" : 0.000000,
        "100" : 0.000000,
        "250" : 0.000000,
        "500" : 0.000000,
        "750" : 0.000000,
        "1000" : 0.000000
      },
      "latency_us" : {
        "2" : 0.000000,
        "4" : 0.000000,
        "10" : 0.075437,
        "20" : 0.523025,
        "50" : 8.371311,
        "100" : 33.607441,
        "250" : 44.259001,
        "500" : 9.801633,
        "750" : 2.492845,
        "1000" : 0.624377
      },
      "latency_ms" : {
        "2" : 0.238646,
        "4" : 0.010000,
        "10" : 0.010000,
        "20" : 0.000000,
        "50" : 0.000000,
        "100" : 0.000000,
        "250" : 0.000000,
        "500" : 0.000000,
        "750" : 0.000000,
        "1000" : 0.000000,
        "2000" : 0.000000,
        ">=2000" : 0.000000
      },
      "latency_depth" : 32,
      "latency_target" : 0,
      "latency_percentile" : 100.000000,
      "latency_window" : 0
    }
  ]
}
