{
  "fio version" : "fio-3.32",
  "timestamp" : 1674583688,
  "timestamp_ms" : 1674583688459,
  "time" : "Tue Jan 24 18:08:08 2023",
  "global options" : {
    "ioengine" : "spdk",
    "direct" : "1",
    "offset" : "0",
    "size" : "100%",
    "filename" : "trtype=PCIe traddr=0000.b0.00.0 ns=2",
    "zonemode" : "zbd",
    "rw" : "randrw",
    "rwmixread" : "75",
    "zone_append" : "1",
    "thread" : "1",
    "time_based" : "1",
    "runtime" : "20m",
    "ramp_time" : "5"
  },
  "jobs" : [
    {
      "jobname" : "rw",
      "groupid" : 0,
      "error" : 0,
      "eta" : 0,
      "elapsed" : 1206,
      "job options" : {
        "name" : "rw",
        "iodepth" : "64",
        "numjobs" : "1",
        "bs" : "4096",
        "lat_percentiles" : "1",
        "percentile_list" : "50:75:90:95:99:99.9:99.999"
      },
      "read" : {
        "io_bytes" : 891822387200,
        "io_kbytes" : 870920300,
        "bw_bytes" : 743184703,
        "bw" : 725766,
        "iops" : 181441.528799,
        "runtime" : 1200001,
        "total_ios" : 217730016,
        "short_ios" : 0,
        "drop_ios" : 0,
        "slat_ns" : {
          "min" : 161,
          "max" : 69806,
          "mean" : 178.416396,
          "stddev" : 27.234589,
          "N" : 217730016
        },
        "clat_ns" : {
          "min" : 6065,
          "max" : 7003937,
          "mean" : 337615.949475,
          "stddev" : 446408.923827,
          "N" : 217730075,
          "percentile" : {
            "50.000000" : 132096,
            "75.000000" : 415744,
            "90.000000" : 921600,
            "95.000000" : 1302528,
            "99.000000" : 2146304,
            "99.900000" : 2932736,
            "99.999000" : 4079616
          }
        },
        "lat_ns" : {
          "min" : 6239,
          "max" : 7004109,
          "mean" : 337794.365871,
          "stddev" : 446408.925494,
          "N" : 217730075,
          "percentile" : {
            "50.000000" : 132096,
            "75.000000" : 415744,
            "90.000000" : 921600,
            "95.000000" : 1302528,
            "99.000000" : 2146304,
            "99.900000" : 2932736,
            "99.999000" : 4079616
          }
        },
        "bw_min" : 588384,
        "bw_max" : 746896,
        "bw_agg" : 100.000000,
        "bw_mean" : 725810.647083,
        "bw_dev" : 15559.704678,
        "bw_samples" : 2400,
        "iops_min" : 147096,
        "iops_max" : 186724,
        "iops_mean" : 181452.659583,
        "iops_stddev" : 3889.930433,
        "iops_samples" : 2400
      },
      "write" : {
        "io_bytes" : 297261244416,
        "io_kbytes" : 290294184,
        "bw_bytes" : 247717497,
        "bw" : 241911,
        "iops" : 60477.901268,
        "runtime" : 1200001,
        "total_ios" : 72573542,
        "short_ios" : 0,
        "drop_ios" : 0,
        "slat_ns" : {
          "min" : 351,
          "max" : 79399,
          "mean" : 560.920543,
          "stddev" : 112.941158,
          "N" : 72573542
        },
        "clat_ns" : {
          "min" : 13164,
          "max" : 1552084,
          "mean" : 37536.323009,
          "stddev" : 22440.847568,
          "N" : 72573546,
          "percentile" : {
            "50.000000" : 30592,
            "75.000000" : 44800,
            "90.000000" : 63744,
            "95.000000" : 79360,
            "99.000000" : 122368,
            "99.900000" : 207872,
            "99.999000" : 337920
          }
        },
        "lat_ns" : {
          "min" : 13685,
          "max" : 1552669,
          "mean" : 38097.243551,
          "stddev" : 22440.536570,
          "N" : 72573546,
          "percentile" : {
            "50.000000" : 31104,
            "75.000000" : 45312,
            "90.000000" : 64256,
            "95.000000" : 79360,
            "99.000000" : 123392,
            "99.900000" : 207872,
            "99.999000" : 337920
          }
        },
        "bw_min" : 196560,
        "bw_max" : 250224,
        "bw_agg" : 100.000000,
        "bw_mean" : 241926.425000,
        "bw_dev" : 5342.464382,
        "bw_samples" : 2400,
        "iops_min" : 49140,
        "iops_max" : 62556,
        "iops_mean" : 60481.595417,
        "iops_stddev" : 1335.612529,
        "iops_samples" : 2400
      },
      "trim" : {
        "io_bytes" : 0,
        "io_kbytes" : 0,
        "bw_bytes" : 0,
        "bw" : 0,
        "iops" : 0.000000,
        "runtime" : 0,
        "total_ios" : 0,
        "short_ios" : 0,
        "drop_ios" : 0,
        "slat_ns" : {
          "min" : 0,
          "max" : 0,
          "mean" : 0.000000,
          "stddev" : 0.000000,
          "N" : 0
        },
        "clat_ns" : {
          "min" : 0,
          "max" : 0,
          "mean" : 0.000000,
          "stddev" : 0.000000,
          "N" : 0
        },
        "lat_ns" : {
          "min" : 0,
          "max" : 0,
          "mean" : 0.000000,
          "stddev" : 0.000000,
          "N" : 0
        },
        "bw_min" : 0,
        "bw_max" : 0,
        "bw_agg" : 0.000000,
        "bw_mean" : 0.000000,
        "bw_dev" : 0.000000,
        "bw_samples" : 0,
        "iops_min" : 0,
        "iops_max" : 0,
        "iops_mean" : 0.000000,
        "iops_stddev" : 0.000000,
        "iops_samples" : 0
      },
      "sync" : {
        "total_ios" : 0,
        "lat_ns" : {
          "min" : 0,
          "max" : 0,
          "mean" : 0.000000,
          "stddev" : 0.000000,
          "N" : 0
        }
      },
      "job_runtime" : 1200000,
      "usr_cpu" : 100.001667,
      "sys_cpu" : 0.000000,
      "ctx" : 3470,
      "majf" : 0,
      "minf" : 0,
      "iodepth_level" : {
        "1" : 0.100000,
        "2" : 0.100000,
        "4" : 0.100000,
        "8" : 0.100000,
        "16" : 0.100000,
        "32" : 0.100000,
        ">=64" : 99.994531
      },
      "iodepth_submit" : {
        "0" : 0.000000,
        "4" : 100.000000,
        "8" : 0.000000,
        "16" : 0.000000,
        "32" : 0.000000,
        "64" : 0.000000,
        ">=64" : 0.000000
      },
      "iodepth_complete" : {
        "0" : 0.000000,
        "4" : 100.000000,
        "8" : 0.000000,
        "16" : 0.000000,
        "32" : 0.000000,
        "64" : 0.100000,
        ">=64" : 0.000000
      },
      "latency_ns" : {
        "2" : 0.000000,
        "4" : 0.000000,
        "10" : 0.000000,
        "20" : 0.000000,
        "50" : 0.000000,
        "100" : 0.000000,
        "250" : 0.000000,
        "500" : 0.000000,
        "750" : 0.000000,
        "1000" : 0.000000
      },
      "latency_us" : {
        "2" : 0.000000,
        "4" : 0.000000,
        "10" : 2.177307,
        "20" : 4.583747,
        "50" : 17.727436,
        "100" : 26.797004,
        "250" : 23.877553,
        "500" : 8.828985,
        "750" : 5.798485,
        "1000" : 3.721558
      },
      "latency_ms" : {
        "2" : 5.457571,
        "4" : 1.029391,
        "10" : 0.010000,
        "20" : 0.000000,
        "50" : 0.000000,
        "100" : 0.000000,
        "250" : 0.000000,
        "500" : 0.000000,
        "750" : 0.000000,
        "1000" : 0.000000,
        "2000" : 0.000000,
        ">=2000" : 0.000000
      },
      "latency_depth" : 64,
      "latency_target" : 0,
      "latency_percentile" : 100.000000,
      "latency_window" : 0
    }
  ]
}
