{
  "fio version" : "fio-3.32",
  "timestamp" : 1674571551,
  "timestamp_ms" : 1674571551512,
  "time" : "Tue Jan 24 14:45:51 2023",
  "global options" : {
    "ioengine" : "spdk",
    "direct" : "1",
    "offset" : "0",
    "size" : "100%",
    "filename" : "trtype=PCIe traddr=0000.b0.00.0 ns=2",
    "zonemode" : "zbd",
    "rw" : "randrw",
    "rwmixread" : "90",
    "zone_append" : "1",
    "thread" : "1",
    "time_based" : "1",
    "runtime" : "20m",
    "ramp_time" : "5"
  },
  "jobs" : [
    {
      "jobname" : "rw",
      "groupid" : 0,
      "error" : 0,
      "eta" : 0,
      "elapsed" : 1206,
      "job options" : {
        "name" : "rw",
        "iodepth" : "8",
        "numjobs" : "1",
        "bs" : "4096",
        "lat_percentiles" : "1",
        "percentile_list" : "50:75:90:95:99:99.9:99.999"
      },
      "read" : {
        "io_bytes" : 465692876800,
        "io_kbytes" : 454778200,
        "bw_bytes" : 388077073,
        "bw" : 378981,
        "iops" : 94745.374379,
        "runtime" : 1200001,
        "total_ios" : 113694544,
        "short_ios" : 0,
        "drop_ios" : 0,
        "slat_ns" : {
          "min" : 162,
          "max" : 21798,
          "mean" : 182.636308,
          "stddev" : 28.070353,
          "N" : 113694544
        },
        "clat_ns" : {
          "min" : 6016,
          "max" : 4742659,
          "mean" : 81474.766499,
          "stddev" : 46464.050624,
          "N" : 113694550,
          "percentile" : {
            "50.000000" : 73216,
            "75.000000" : 83456,
            "90.000000" : 110080,
            "95.000000" : 134144,
            "99.000000" : 292864,
            "99.900000" : 552960,
            "99.999000" : 1073152
          }
        },
        "lat_ns" : {
          "min" : 6196,
          "max" : 4742838,
          "mean" : 81657.402806,
          "stddev" : 46463.981403,
          "N" : 113694550,
          "percentile" : {
            "50.000000" : 73216,
            "75.000000" : 83456,
            "90.000000" : 110080,
            "95.000000" : 134144,
            "99.000000" : 292864,
            "99.900000" : 552960,
            "99.999000" : 1073152
          }
        },
        "bw_min" : 220624,
        "bw_max" : 385624,
        "bw_agg" : 100.000000,
        "bw_mean" : 379006.276782,
        "bw_dev" : 9495.877941,
        "bw_samples" : 2399,
        "iops_min" : 55156,
        "iops_max" : 96406,
        "iops_mean" : 94751.565236,
        "iops_stddev" : 2373.970693,
        "iops_samples" : 2399
      },
      "write" : {
        "io_bytes" : 51756113920,
        "io_kbytes" : 50543080,
        "bw_bytes" : 43130058,
        "bw" : 42119,
        "iops" : 10529.798725,
        "runtime" : 1200001,
        "total_ios" : 12635769,
        "short_ios" : 0,
        "drop_ios" : 0,
        "slat_ns" : {
          "min" : 489,
          "max" : 18738,
          "mean" : 578.531010,
          "stddev" : 100.377929,
          "N" : 12635769
        },
        "clat_ns" : {
          "min" : 13071,
          "max" : 271854,
          "mean" : 18029.910458,
          "stddev" : 3293.379425,
          "N" : 12635770,
          "percentile" : {
            "50.000000" : 17280,
            "75.000000" : 19328,
            "90.000000" : 20864,
            "95.000000" : 22400,
            "99.000000" : 25984,
            "99.900000" : 38656,
            "99.999000" : 179200
          }
        },
        "lat_ns" : {
          "min" : 13683,
          "max" : 272397,
          "mean" : 18608.441464,
          "stddev" : 3293.057364,
          "N" : 12635770,
          "percentile" : {
            "50.000000" : 17792,
            "75.000000" : 19840,
            "90.000000" : 21632,
            "95.000000" : 23168,
            "99.000000" : 26496,
            "99.900000" : 39168,
            "99.999000" : 181248
          }
        },
        "bw_min" : 24616,
        "bw_max" : 44184,
        "bw_agg" : 100.000000,
        "bw_mean" : 42122.200917,
        "bw_dev" : 1188.965658,
        "bw_samples" : 2399,
        "iops_min" : 6154,
        "iops_max" : 11046,
        "iops_mean" : 10530.542309,
        "iops_stddev" : 297.241516,
        "iops_samples" : 2399
      },
      "trim" : {
        "io_bytes" : 0,
        "io_kbytes" : 0,
        "bw_bytes" : 0,
        "bw" : 0,
        "iops" : 0.000000,
        "runtime" : 0,
        "total_ios" : 0,
        "short_ios" : 0,
        "drop_ios" : 0,
        "slat_ns" : {
          "min" : 0,
          "max" : 0,
          "mean" : 0.000000,
          "stddev" : 0.000000,
          "N" : 0
        },
        "clat_ns" : {
          "min" : 0,
          "max" : 0,
          "mean" : 0.000000,
          "stddev" : 0.000000,
          "N" : 0
        },
        "lat_ns" : {
          "min" : 0,
          "max" : 0,
          "mean" : 0.000000,
          "stddev" : 0.000000,
          "N" : 0
        },
        "bw_min" : 0,
        "bw_max" : 0,
        "bw_agg" : 0.000000,
        "bw_mean" : 0.000000,
        "bw_dev" : 0.000000,
        "bw_samples" : 0,
        "iops_min" : 0,
        "iops_max" : 0,
        "iops_mean" : 0.000000,
        "iops_stddev" : 0.000000,
        "iops_samples" : 0
      },
      "sync" : {
        "total_ios" : 0,
        "lat_ns" : {
          "min" : 0,
          "max" : 0,
          "mean" : 0.000000,
          "stddev" : 0.000000,
          "N" : 0
        }
      },
      "job_runtime" : 1200000,
      "usr_cpu" : 100.000750,
      "sys_cpu" : 0.000000,
      "ctx" : 4264,
      "majf" : 0,
      "minf" : 0,
      "iodepth_level" : {
        "1" : 0.100000,
        "2" : 0.100000,
        "4" : 0.100000,
        "8" : 99.999767,
        "16" : 0.000000,
        "32" : 0.000000,
        ">=64" : 0.000000
      },
      "iodepth_submit" : {
        "0" : 0.000000,
        "4" : 100.000000,
        "8" : 0.000000,
        "16" : 0.000000,
        "32" : 0.000000,
        "64" : 0.000000,
        ">=64" : 0.000000
      },
      "iodepth_complete" : {
        "0" : 0.000000,
        "4" : 100.000000,
        "8" : 0.100000,
        "16" : 0.000000,
        "32" : 0.000000,
        "64" : 0.000000,
        ">=64" : 0.000000
      },
      "latency_ns" : {
        "2" : 0.000000,
        "4" : 0.000000,
        "10" : 0.000000,
        "20" : 0.000000,
        "50" : 0.000000,
        "100" : 0.000000,
        "250" : 0.000000,
        "500" : 0.000000,
        "750" : 0.000000,
        "1000" : 0.000000
      },
      "latency_us" : {
        "2" : 0.000000,
        "4" : 0.000000,
        "10" : 6.114473,
        "20" : 8.354963,
        "50" : 1.684113,
        "100" : 72.566949,
        "250" : 10.096764,
        "500" : 1.040077,
        "750" : 0.127428,
        "1000" : 0.013249
      },
      "latency_ms" : {
        "2" : 0.010000,
        "4" : 0.010000,
        "10" : 0.010000,
        "20" : 0.000000,
        "50" : 0.000000,
        "100" : 0.000000,
        "250" : 0.000000,
        "500" : 0.000000,
        "750" : 0.000000,
        "1000" : 0.000000,
        "2000" : 0.000000,
        ">=2000" : 0.000000
      },
      "latency_depth" : 8,
      "latency_target" : 0,
      "latency_percentile" : 100.000000,
      "latency_window" : 0
    }
  ]
}
