{
  "fio version" : "fio-3.32",
  "timestamp" : 1673905726,
  "timestamp_ms" : 1673905726063,
  "time" : "Mon Jan 16 22:48:46 2023",
  "global options" : {
    "rw" : "read",
    "direct" : "1",
    "group_reporting" : "1",
    "thread" : "1",
    "time_based" : "1",
    "ramp_time" : "10s",
    "runtime" : "3m",
    "percentile_list" : "1:5:10:20:30:40:50:60:70:80:90:95:98:99:99.9:99.99:99.999:100",
    "numa_cpu_nodes" : "1",
    "numa_mem_policy" : "bind:1",
    "size" : "100z",
    "zonemode" : "zbd",
    "max_open_zones" : "14",
    "ioengine" : "spdk",
    "filename" : "trtype=PCIe traddr=0000.88.00.0 ns=2"
  },
  "jobs" : [
    {
      "jobname" : "qd2",
      "groupid" : 0,
      "error" : 0,
      "eta" : 0,
      "elapsed" : 191,
      "job options" : {
        "iodepth" : "2",
        "numjobs" : "8",
        "bs" : "65536",
        "offset_increment" : "100z",
        "job_max_open_zones" : "1"
      },
      "read" : {
        "io_bytes" : 451157360640,
        "io_kbytes" : 440583360,
        "bw_bytes" : 2506415856,
        "bw" : 2447671,
        "iops" : 38244.826418,
        "runtime" : 180001,
        "total_ios" : 6884107,
        "short_ios" : 0,
        "drop_ios" : 0,
        "slat_ns" : {
          "min" : 137,
          "max" : 20666,
          "mean" : 171.522812,
          "stddev" : 32.149789,
          "N" : 6884107
        },
        "clat_ns" : {
          "min" : 134196,
          "max" : 2689526,
          "mean" : 417773.855434,
          "stddev" : 186048.389075,
          "N" : 6884115,
          "percentile" : {
            "1.000000" : 148480,
            "5.000000" : 205824,
            "10.000000" : 264192,
            "20.000000" : 276480,
            "30.000000" : 301056,
            "40.000000" : 333824,
            "50.000000" : 366592,
            "60.000000" : 407552,
            "70.000000" : 460800,
            "80.000000" : 536576,
            "90.000000" : 667648,
            "95.000000" : 790528,
            "98.000000" : 946176,
            "99.000000" : 1056768,
            "99.900000" : 1400832,
            "99.990000" : 1712128,
            "99.999000" : 1990656,
            "100.000000" : 2703360
          }
        },
        "lat_ns" : {
          "min" : 134370,
          "max" : 2689701,
          "mean" : 417945.378240,
          "stddev" : 186048.108776,
          "N" : 6884115
        },
        "bw_min" : 2332169,
        "bw_max" : 2539904,
        "bw_agg" : 100.000000,
        "bw_mean" : 2448674.270195,
        "bw_dev" : 4402.506097,
        "bw_samples" : 2872,
        "iops_min" : 36440,
        "iops_max" : 39686,
        "iops_mean" : 38259.913649,
        "iops_stddev" : 68.772035,
        "iops_samples" : 2872
      },
      "write" : {
        "io_bytes" : 0,
        "io_kbytes" : 0,
        "bw_bytes" : 0,
        "bw" : 0,
        "iops" : 0.000000,
        "runtime" : 0,
        "total_ios" : 0,
        "short_ios" : 0,
        "drop_ios" : 0,
        "slat_ns" : {
          "min" : 0,
          "max" : 0,
          "mean" : 0.000000,
          "stddev" : 0.000000,
          "N" : 0
        },
        "clat_ns" : {
          "min" : 0,
          "max" : 0,
          "mean" : 0.000000,
          "stddev" : 0.000000,
          "N" : 0
        },
        "lat_ns" : {
          "min" : 0,
          "max" : 0,
          "mean" : 0.000000,
          "stddev" : 0.000000,
          "N" : 0
        },
        "bw_min" : 0,
        "bw_max" : 0,
        "bw_agg" : 0.000000,
        "bw_mean" : 0.000000,
        "bw_dev" : 0.000000,
        "bw_samples" : 0,
        "iops_min" : 0,
        "iops_max" : 0,
        "iops_mean" : 0.000000,
        "iops_stddev" : 0.000000,
        "iops_samples" : 0
      },
      "trim" : {
        "io_bytes" : 0,
        "io_kbytes" : 0,
        "bw_bytes" : 0,
        "bw" : 0,
        "iops" : 0.000000,
        "runtime" : 0,
        "total_ios" : 0,
        "short_ios" : 0,
        "drop_ios" : 0,
        "slat_ns" : {
          "min" : 0,
          "max" : 0,
          "mean" : 0.000000,
          "stddev" : 0.000000,
          "N" : 0
        },
        "clat_ns" : {
          "min" : 0,
          "max" : 0,
          "mean" : 0.000000,
          "stddev" : 0.000000,
          "N" : 0
        },
        "lat_ns" : {
          "min" : 0,
          "max" : 0,
          "mean" : 0.000000,
          "stddev" : 0.000000,
          "N" : 0
        },
        "bw_min" : 0,
        "bw_max" : 0,
        "bw_agg" : 0.000000,
        "bw_mean" : 0.000000,
        "bw_dev" : 0.000000,
        "bw_samples" : 0,
        "iops_min" : 0,
        "iops_max" : 0,
        "iops_mean" : 0.000000,
        "iops_stddev" : 0.000000,
        "iops_samples" : 0
      },
      "sync" : {
        "total_ios" : 0,
        "lat_ns" : {
          "min" : 0,
          "max" : 0,
          "mean" : 0.000000,
          "stddev" : 0.000000,
          "N" : 0
        }
      },
      "job_runtime" : 1440000,
      "usr_cpu" : 99.999861,
      "sys_cpu" : 0.000000,
      "ctx" : 1427,
      "majf" : 0,
      "minf" : 0,
      "iodepth_level" : {
        "1" : 0.000000,
        "2" : 100.000000,
        "4" : 0.000000,
        "8" : 0.000000,
        "16" : 0.000000,
        "32" : 0.000000,
        ">=64" : 0.000000
      },
      "iodepth_submit" : {
        "0" : 0.000000,
        "4" : 100.000000,
        "8" : 0.000000,
        "16" : 0.000000,
        "32" : 0.000000,
        "64" : 0.000000,
        ">=64" : 0.000000
      },
      "iodepth_complete" : {
        "0" : 0.000000,
        "4" : 100.000000,
        "8" : 0.000000,
        "16" : 0.000000,
        "32" : 0.000000,
        "64" : 0.000000,
        ">=64" : 0.000000
      },
      "latency_ns" : {
        "2" : 0.000000,
        "4" : 0.000000,
        "10" : 0.000000,
        "20" : 0.000000,
        "50" : 0.000000,
        "100" : 0.000000,
        "250" : 0.000000,
        "500" : 0.000000,
        "750" : 0.000000,
        "1000" : 0.000000
      },
      "latency_us" : {
        "2" : 0.000000,
        "4" : 0.000000,
        "10" : 0.000000,
        "20" : 0.000000,
        "50" : 0.000000,
        "100" : 0.000000,
        "250" : 8.380985,
        "500" : 67.152501,
        "750" : 18.174572,
        "1000" : 4.844884
      },
      "latency_ms" : {
        "2" : 1.446273,
        "4" : 0.010000,
        "10" : 0.000000,
        "20" : 0.000000,
        "50" : 0.000000,
        "100" : 0.000000,
        "250" : 0.000000,
        "500" : 0.000000,
        "750" : 0.000000,
        "1000" : 0.000000,
        "2000" : 0.000000,
        ">=2000" : 0.000000
      },
      "latency_depth" : 2,
      "latency_target" : 0,
      "latency_percentile" : 100.000000,
      "latency_window" : 0
    }
  ]
}
