{
  "fio version" : "fio-3.32",
  "timestamp" : 1670951067,
  "timestamp_ms" : 1670951067488,
  "time" : "Tue Dec 13 18:04:27 2022",
  "global options" : {
    "rw" : "write",
    "direct" : "1",
    "group_reporting" : "1",
    "filename" : "trtype=PCIe traddr=0000.88.00.0 ns=1",
    "bs" : "32768",
    "size" : "2G",
    "time_based" : "1",
    "iodepth" : "2",
    "numjobs" : "1",
    "ramp_time" : "10s",
    "runtime" : "30s",
    "numa_cpu_nodes" : "1",
    "numa_mem_policy" : "bind:1",
    "thread" : "1"
  },
  "jobs" : [
    {
      "jobname" : "seqzns",
      "groupid" : 0,
      "error" : 0,
      "eta" : 0,
      "elapsed" : 41,
      "job options" : {
        "name" : "seqzns",
        "ioengine" : "spdk"
      },
      "read" : {
        "io_bytes" : 0,
        "io_kbytes" : 0,
        "bw_bytes" : 0,
        "bw" : 0,
        "iops" : 0.000000,
        "runtime" : 0,
        "total_ios" : 0,
        "short_ios" : 0,
        "drop_ios" : 0,
        "slat_ns" : {
          "min" : 0,
          "max" : 0,
          "mean" : 0.000000,
          "stddev" : 0.000000,
          "N" : 0
        },
        "clat_ns" : {
          "min" : 0,
          "max" : 0,
          "mean" : 0.000000,
          "stddev" : 0.000000,
          "N" : 0
        },
        "lat_ns" : {
          "min" : 0,
          "max" : 0,
          "mean" : 0.000000,
          "stddev" : 0.000000,
          "N" : 0
        },
        "bw_min" : 0,
        "bw_max" : 0,
        "bw_agg" : 0.000000,
        "bw_mean" : 0.000000,
        "bw_dev" : 0.000000,
        "bw_samples" : 0,
        "iops_min" : 0,
        "iops_max" : 0,
        "iops_mean" : 0.000000,
        "iops_stddev" : 0.000000,
        "iops_samples" : 0
      },
      "write" : {
        "io_bytes" : 36770480128,
        "io_kbytes" : 35908672,
        "bw_bytes" : 1225641816,
        "bw" : 1196915,
        "iops" : 37403.586547,
        "runtime" : 30001,
        "total_ios" : 1122145,
        "short_ios" : 0,
        "drop_ios" : 0,
        "slat_ns" : {
          "min" : 284,
          "max" : 6197,
          "mean" : 747.751106,
          "stddev" : 134.412367,
          "N" : 1122145
        },
        "clat_ns" : {
          "min" : 21039,
          "max" : 4695117,
          "mean" : 52463.887781,
          "stddev" : 90059.109823,
          "N" : 1122146,
          "percentile" : {
            "1.000000" : 22144,
            "5.000000" : 22912,
            "10.000000" : 23168,
            "20.000000" : 23424,
            "30.000000" : 23680,
            "40.000000" : 24960,
            "50.000000" : 27264,
            "60.000000" : 31360,
            "70.000000" : 41216,
            "80.000000" : 62208,
            "90.000000" : 86528,
            "95.000000" : 152576,
            "99.000000" : 432128,
            "99.500000" : 643072,
            "99.900000" : 1011712,
            "99.950000" : 1122304,
            "99.990000" : 2670592
          }
        },
        "lat_ns" : {
          "min" : 21556,
          "max" : 4695571,
          "mean" : 53211.638881,
          "stddev" : 90058.381593,
          "N" : 1122146
        },
        "bw_min" : 1169344,
        "bw_max" : 1211904,
        "bw_agg" : 100.000000,
        "bw_mean" : 1197272.116667,
        "bw_dev" : 8428.269085,
        "bw_samples" : 60,
        "iops_min" : 36542,
        "iops_max" : 37872,
        "iops_mean" : 37414.683333,
        "iops_stddev" : 263.483283,
        "iops_samples" : 60
      },
      "trim" : {
        "io_bytes" : 0,
        "io_kbytes" : 0,
        "bw_bytes" : 0,
        "bw" : 0,
        "iops" : 0.000000,
        "runtime" : 0,
        "total_ios" : 0,
        "short_ios" : 0,
        "drop_ios" : 0,
        "slat_ns" : {
          "min" : 0,
          "max" : 0,
          "mean" : 0.000000,
          "stddev" : 0.000000,
          "N" : 0
        },
        "clat_ns" : {
          "min" : 0,
          "max" : 0,
          "mean" : 0.000000,
          "stddev" : 0.000000,
          "N" : 0
        },
        "lat_ns" : {
          "min" : 0,
          "max" : 0,
          "mean" : 0.000000,
          "stddev" : 0.000000,
          "N" : 0
        },
        "bw_min" : 0,
        "bw_max" : 0,
        "bw_agg" : 0.000000,
        "bw_mean" : 0.000000,
        "bw_dev" : 0.000000,
        "bw_samples" : 0,
        "iops_min" : 0,
        "iops_max" : 0,
        "iops_mean" : 0.000000,
        "iops_stddev" : 0.000000,
        "iops_samples" : 0
      },
      "sync" : {
        "total_ios" : 0,
        "lat_ns" : {
          "min" : 0,
          "max" : 0,
          "mean" : 0.000000,
          "stddev" : 0.000000,
          "N" : 0
        }
      },
      "job_runtime" : 30000,
      "usr_cpu" : 100.013333,
      "sys_cpu" : 0.000000,
      "ctx" : 29,
      "majf" : 0,
      "minf" : 0,
      "iodepth_level" : {
        "1" : 0.000000,
        "2" : 100.000000,
        "4" : 0.000000,
        "8" : 0.000000,
        "16" : 0.000000,
        "32" : 0.000000,
        ">=64" : 0.000000
      },
      "iodepth_submit" : {
        "0" : 0.000000,
        "4" : 100.000000,
        "8" : 0.000000,
        "16" : 0.000000,
        "32" : 0.000000,
        "64" : 0.000000,
        ">=64" : 0.000000
      },
      "iodepth_complete" : {
        "0" : 0.000000,
        "4" : 100.000000,
        "8" : 0.000000,
        "16" : 0.000000,
        "32" : 0.000000,
        "64" : 0.000000,
        ">=64" : 0.000000
      },
      "latency_ns" : {
        "2" : 0.000000,
        "4" : 0.000000,
        "10" : 0.000000,
        "20" : 0.000000,
        "50" : 0.000000,
        "100" : 0.000000,
        "250" : 0.000000,
        "500" : 0.000000,
        "750" : 0.000000,
        "1000" : 0.000000
      },
      "latency_us" : {
        "2" : 0.000000,
        "4" : 0.000000,
        "10" : 0.000000,
        "20" : 0.000000,
        "50" : 74.878648,
        "100" : 16.579408,
        "250" : 6.691827,
        "500" : 1.045676,
        "750" : 0.465804,
        "1000" : 0.228135
      },
      "latency_ms" : {
        "2" : 0.083412,
        "4" : 0.027002,
        "10" : 0.010000,
        "20" : 0.000000,
        "50" : 0.000000,
        "100" : 0.000000,
        "250" : 0.000000,
        "500" : 0.000000,
        "750" : 0.000000,
        "1000" : 0.000000,
        "2000" : 0.000000,
        ">=2000" : 0.000000
      },
      "latency_depth" : 2,
      "latency_target" : 0,
      "latency_percentile" : 100.000000,
      "latency_window" : 0
    }
  ]
}
