{
  "fio version" : "fio-3.32",
  "timestamp" : 1674035081,
  "timestamp_ms" : 1674035081080,
  "time" : "Wed Jan 18 10:44:41 2023",
  "global options" : {
    "direct" : "1",
    "thread" : "1",
    "time_based" : "1",
    "ramp_time" : "10s",
    "runtime" : "1m",
    "percentile_list" : "1:5:10:20:30:40:50:60:70:80:90:95:98:99:99.9:99.99:99.999:100",
    "numa_cpu_nodes" : "1",
    "numa_mem_policy" : "bind:1",
    "zonemode" : "zbd",
    "max_open_zones" : "14",
    "ioengine" : "spdk",
    "filename" : "trtype=PCIe traddr=0000.88.00.0 ns=2"
  },
  "jobs" : [
    {
      "jobname" : "read_4096",
      "groupid" : 0,
      "error" : 0,
      "eta" : 0,
      "elapsed" : 71,
      "job options" : {
        "iodepth" : "1",
        "bs" : "4096",
        "rw" : "randread",
        "norandommap" : "1",
        "size" : "200z",
        "flow" : "90"
      },
      "read" : {
        "io_bytes" : 3313664000,
        "io_kbytes" : 3236000,
        "bw_bytes" : 55226812,
        "bw" : 53932,
        "iops" : 13483.108615,
        "runtime" : 60001,
        "total_ios" : 809000,
        "short_ios" : 0,
        "drop_ios" : 0,
        "slat_ns" : {
          "min" : 122,
          "max" : 16333,
          "mean" : 149.826214,
          "stddev" : 32.649239,
          "N" : 809000
        },
        "clat_ns" : {
          "min" : 23241,
          "max" : 781332,
          "mean" : 73633.148941,
          "stddev" : 14257.682022,
          "N" : 809000,
          "percentile" : {
            "1.000000" : 67072,
            "5.000000" : 67072,
            "10.000000" : 67072,
            "20.000000" : 68096,
            "30.000000" : 68096,
            "40.000000" : 68096,
            "50.000000" : 68096,
            "60.000000" : 69120,
            "70.000000" : 80384,
            "80.000000" : 80384,
            "90.000000" : 80384,
            "95.000000" : 81408,
            "98.000000" : 81408,
            "99.000000" : 126464,
            "99.900000" : 248832,
            "99.990000" : 378880,
            "99.999000" : 634880,
            "100.000000" : 782336
          }
        },
        "lat_ns" : {
          "min" : 23401,
          "max" : 781495,
          "mean" : 73782.975155,
          "stddev" : 14257.673018,
          "N" : 809000
        },
        "bw_min" : 52968,
        "bw_max" : 54248,
        "bw_agg" : 100.000000,
        "bw_mean" : 53946.159664,
        "bw_dev" : 167.685945,
        "bw_samples" : 119,
        "iops_min" : 13242,
        "iops_max" : 13562,
        "iops_mean" : 13486.470588,
        "iops_stddev" : 41.949288,
        "iops_samples" : 119
      },
      "write" : {
        "io_bytes" : 0,
        "io_kbytes" : 0,
        "bw_bytes" : 0,
        "bw" : 0,
        "iops" : 0.000000,
        "runtime" : 0,
        "total_ios" : 0,
        "short_ios" : 0,
        "drop_ios" : 0,
        "slat_ns" : {
          "min" : 0,
          "max" : 0,
          "mean" : 0.000000,
          "stddev" : 0.000000,
          "N" : 0
        },
        "clat_ns" : {
          "min" : 0,
          "max" : 0,
          "mean" : 0.000000,
          "stddev" : 0.000000,
          "N" : 0
        },
        "lat_ns" : {
          "min" : 0,
          "max" : 0,
          "mean" : 0.000000,
          "stddev" : 0.000000,
          "N" : 0
        },
        "bw_min" : 0,
        "bw_max" : 0,
        "bw_agg" : 0.000000,
        "bw_mean" : 0.000000,
        "bw_dev" : 0.000000,
        "bw_samples" : 0,
        "iops_min" : 0,
        "iops_max" : 0,
        "iops_mean" : 0.000000,
        "iops_stddev" : 0.000000,
        "iops_samples" : 0
      },
      "trim" : {
        "io_bytes" : 0,
        "io_kbytes" : 0,
        "bw_bytes" : 0,
        "bw" : 0,
        "iops" : 0.000000,
        "runtime" : 0,
        "total_ios" : 0,
        "short_ios" : 0,
        "drop_ios" : 0,
        "slat_ns" : {
          "min" : 0,
          "max" : 0,
          "mean" : 0.000000,
          "stddev" : 0.000000,
          "N" : 0
        },
        "clat_ns" : {
          "min" : 0,
          "max" : 0,
          "mean" : 0.000000,
          "stddev" : 0.000000,
          "N" : 0
        },
        "lat_ns" : {
          "min" : 0,
          "max" : 0,
          "mean" : 0.000000,
          "stddev" : 0.000000,
          "N" : 0
        },
        "bw_min" : 0,
        "bw_max" : 0,
        "bw_agg" : 0.000000,
        "bw_mean" : 0.000000,
        "bw_dev" : 0.000000,
        "bw_samples" : 0,
        "iops_min" : 0,
        "iops_max" : 0,
        "iops_mean" : 0.000000,
        "iops_stddev" : 0.000000,
        "iops_samples" : 0
      },
      "sync" : {
        "total_ios" : 0,
        "lat_ns" : {
          "min" : 0,
          "max" : 0,
          "mean" : 0.000000,
          "stddev" : 0.000000,
          "N" : 0
        }
      },
      "job_runtime" : 60000,
      "usr_cpu" : 100.000000,
      "sys_cpu" : 0.000000,
      "ctx" : 15,
      "majf" : 0,
      "minf" : 0,
      "iodepth_level" : {
        "1" : 100.000000,
        "2" : 0.000000,
        "4" : 0.000000,
        "8" : 0.000000,
        "16" : 0.000000,
        "32" : 0.000000,
        ">=64" : 0.000000
      },
      "iodepth_submit" : {
        "0" : 0.000000,
        "4" : 100.000000,
        "8" : 0.000000,
        "16" : 0.000000,
        "32" : 0.000000,
        "64" : 0.000000,
        ">=64" : 0.000000
      },
      "iodepth_complete" : {
        "0" : 0.000000,
        "4" : 100.000000,
        "8" : 0.000000,
        "16" : 0.000000,
        "32" : 0.000000,
        "64" : 0.000000,
        ">=64" : 0.000000
      },
      "latency_ns" : {
        "2" : 0.000000,
        "4" : 0.000000,
        "10" : 0.000000,
        "20" : 0.000000,
        "50" : 0.000000,
        "100" : 0.000000,
        "250" : 0.000000,
        "500" : 0.000000,
        "750" : 0.000000,
        "1000" : 0.000000
      },
      "latency_us" : {
        "2" : 0.000000,
        "4" : 0.000000,
        "10" : 0.000000,
        "20" : 0.000000,
        "50" : 0.010000,
        "100" : 98.845612,
        "250" : 1.055377,
        "500" : 0.095921,
        "750" : 0.010000,
        "1000" : 0.010000
      },
      "latency_ms" : {
        "2" : 0.000000,
        "4" : 0.000000,
        "10" : 0.000000,
        "20" : 0.000000,
        "50" : 0.000000,
        "100" : 0.000000,
        "250" : 0.000000,
        "500" : 0.000000,
        "750" : 0.000000,
        "1000" : 0.000000,
        "2000" : 0.000000,
        ">=2000" : 0.000000
      },
      "latency_depth" : 1,
      "latency_target" : 0,
      "latency_percentile" : 100.000000,
      "latency_window" : 0
    },
    {
      "jobname" : "write_2_8192",
      "groupid" : 0,
      "error" : 0,
      "eta" : 0,
      "elapsed" : 71,
      "job options" : {
        "iodepth" : "2",
        "bs" : "8192",
        "rw" : "write",
        "size" : "200z",
        "offset" : "200z",
        "flow" : "10",
        "zone_append" : "1"
      },
      "read" : {
        "io_bytes" : 0,
        "io_kbytes" : 0,
        "bw_bytes" : 0,
        "bw" : 0,
        "iops" : 0.000000,
        "runtime" : 0,
        "total_ios" : 0,
        "short_ios" : 0,
        "drop_ios" : 0,
        "slat_ns" : {
          "min" : 0,
          "max" : 0,
          "mean" : 0.000000,
          "stddev" : 0.000000,
          "N" : 0
        },
        "clat_ns" : {
          "min" : 0,
          "max" : 0,
          "mean" : 0.000000,
          "stddev" : 0.000000,
          "N" : 0
        },
        "lat_ns" : {
          "min" : 0,
          "max" : 0,
          "mean" : 0.000000,
          "stddev" : 0.000000,
          "N" : 0
        },
        "bw_min" : 0,
        "bw_max" : 0,
        "bw_agg" : 0.000000,
        "bw_mean" : 0.000000,
        "bw_dev" : 0.000000,
        "bw_samples" : 0,
        "iops_min" : 0,
        "iops_max" : 0,
        "iops_mean" : 0.000000,
        "iops_stddev" : 0.000000,
        "iops_samples" : 0
      },