{
  "fio version" : "fio-3.32",
  "timestamp" : 1669908520,
  "timestamp_ms" : 1669908520451,
  "time" : "Thu Dec  1 16:28:40 2022",
  "jobs" : [
    {
      "jobname" : "qd256",
      "groupid" : 0,
      "error" : 0,
      "eta" : 0,
      "elapsed" : 41,
      "job options" : {
        "name" : "qd256",
        "rw" : "write",
        "direct" : "1",
        "group_reporting" : "1",
        "thread" : "1",
        "time_based" : "1",
        "runtime" : "30s",
        "ramp_time" : "10s",
        "numa_cpu_nodes" : "0",
        "numa_mem_policy" : "bind:0",
        "size" : "40G",
        "ioengine" : "spdk",
        "filename" : "trtype=PCIe traddr=0000.04.00.0 ns=1",
        "bs" : "4096",
        "iodepth" : "256"
      },
      "read" : {
        "io_bytes" : 0,
        "io_kbytes" : 0,
        "bw_bytes" : 0,
        "bw" : 0,
        "iops" : 0.000000,
        "runtime" : 0,
        "total_ios" : 0,
        "short_ios" : 0,
        "drop_ios" : 0,
        "slat_ns" : {
          "min" : 0,
          "max" : 0,
          "mean" : 0.000000,
          "stddev" : 0.000000,
          "N" : 0
        },
        "clat_ns" : {
          "min" : 0,
          "max" : 0,
          "mean" : 0.000000,
          "stddev" : 0.000000,
          "N" : 0
        },
        "lat_ns" : {
          "min" : 0,
          "max" : 0,
          "mean" : 0.000000,
          "stddev" : 0.000000,
          "N" : 0
        },
        "bw_min" : 0,
        "bw_max" : 0,
        "bw_agg" : 0.000000,
        "bw_mean" : 0.000000,
        "bw_dev" : 0.000000,
        "bw_samples" : 0,
        "iops_min" : 0,
        "iops_max" : 0,
        "iops_mean" : 0.000000,
        "iops_stddev" : 0.000000,
        "iops_samples" : 0
      },
      "write" : {
        "io_bytes" : 90804633600,
        "io_kbytes" : 88676400,
        "bw_bytes" : 3026720229,
        "bw" : 2955781,
        "iops" : 738936.868771,
        "runtime" : 30001,
        "total_ios" : 22168845,
        "short_ios" : 0,
        "drop_ios" : 0,
        "slat_ns" : {
          "min" : 94,
          "max" : 21269,
          "mean" : 122.359992,
          "stddev" : 71.855539,
          "N" : 22168845
        },
        "clat_ns" : {
          "min" : 309701,
          "max" : 6723287,
          "mean" : 346133.353469,
          "stddev" : 123485.167632,
          "N" : 22169100,
          "percentile" : {
            "1.000000" : 342016,
            "5.000000" : 342016,
            "10.000000" : 342016,
            "20.000000" : 342016,
            "30.000000" : 342016,
            "40.000000" : 342016,
            "50.000000" : 342016,
            "60.000000" : 342016,
            "70.000000" : 342016,
            "80.000000" : 342016,
            "90.000000" : 342016,
            "95.000000" : 346112,
            "99.000000" : 354304,
            "99.500000" : 358400,
            "99.900000" : 577536,
            "99.950000" : 4079616,
            "99.990000" : 4112384
          }
        },
        "lat_ns" : {
          "min" : 309972,
          "max" : 6723385,
          "mean" : 346255.713442,
          "stddev" : 123485.174558,
          "N" : 22169100
        },
        "bw_min" : 2930200,
        "bw_max" : 2969624,
        "bw_agg" : 100.000000,
        "bw_mean" : 2956888.800000,
        "bw_dev" : 12688.663389,
        "bw_samples" : 60,
        "iops_min" : 732550,
        "iops_max" : 742408,
        "iops_mean" : 739222.250000,
        "iops_stddev" : 3172.125153,
        "iops_samples" : 60
      },
      "trim" : {
        "io_bytes" : 0,
        "io_kbytes" : 0,
        "bw_bytes" : 0,
        "bw" : 0,
        "iops" : 0.000000,
        "runtime" : 0,
        "total_ios" : 0,
        "short_ios" : 0,
        "drop_ios" : 0,
        "slat_ns" : {
          "min" : 0,
          "max" : 0,
          "mean" : 0.000000,
          "stddev" : 0.000000,
          "N" : 0
        },
        "clat_ns" : {
          "min" : 0,
          "max" : 0,
          "mean" : 0.000000,
          "stddev" : 0.000000,
          "N" : 0
        },
        "lat_ns" : {
          "min" : 0,
          "max" : 0,
          "mean" : 0.000000,
          "stddev" : 0.000000,
          "N" : 0
        },
        "bw_min" : 0,
        "bw_max" : 0,
        "bw_agg" : 0.000000,
        "bw_mean" : 0.000000,
        "bw_dev" : 0.000000,
        "bw_samples" : 0,
        "iops_min" : 0,
        "iops_max" : 0,
        "iops_mean" : 0.000000,
        "iops_stddev" : 0.000000,
        "iops_samples" : 0
      },
      "sync" : {
        "total_ios" : 0,
        "lat_ns" : {
          "min" : 0,
          "max" : 0,
          "mean" : 0.000000,
          "stddev" : 0.000000,
          "N" : 0
        }
      },
      "job_runtime" : 30000,
      "usr_cpu" : 100.000000,
      "sys_cpu" : 0.000000,
      "ctx" : 57,
      "majf" : 0,
      "minf" : 0,
      "iodepth_level" : {
        "1" : 0.000000,
        "2" : 0.000000,
        "4" : 0.000000,
        "8" : 0.000000,
        "16" : 0.000000,
        "32" : 0.000000,
        ">=64" : 100.000000
      },
      "iodepth_submit" : {
        "0" : 0.000000,
        "4" : 100.000000,
        "8" : 0.000000,
        "16" : 0.000000,
        "32" : 0.000000,
        "64" : 0.000000,
        ">=64" : 0.000000
      },
      "iodepth_complete" : {
        "0" : 0.000000,
        "4" : 99.999998,
        "8" : 0.000000,
        "16" : 0.000000,
        "32" : 0.000000,
        "64" : 0.000000,
        ">=64" : 0.100000
      },
      "latency_ns" : {
        "2" : 0.000000,
        "4" : 0.000000,
        "10" : 0.000000,
        "20" : 0.000000,
        "50" : 0.000000,
        "100" : 0.000000,
        "250" : 0.000000,
        "500" : 0.000000,
        "750" : 0.000000,
        "1000" : 0.000000
      },
      "latency_us" : {
        "2" : 0.000000,
        "4" : 0.000000,
        "10" : 0.000000,
        "20" : 0.000000,
        "50" : 0.000000,
        "100" : 0.000000,
        "250" : 0.000000,
        "500" : 99.899079,
        "750" : 0.010000,
        "1000" : 0.010000
      },
      "latency_ms" : {
        "2" : 0.000000,
        "4" : 0.018657,
        "10" : 0.080654,
        "20" : 0.000000,
        "50" : 0.000000,
        "100" : 0.000000,
        "250" : 0.000000,
        "500" : 0.000000,
        "750" : 0.000000,
        "1000" : 0.000000,
        "2000" : 0.000000,
        ">=2000" : 0.000000
      },
      "latency_depth" : 256,
      "latency_target" : 0,
      "latency_percentile" : 100.000000,
      "latency_window" : 0
    }
  ]
}
