{
  "fio version" : "fio-3.32",
  "timestamp" : 1669907426,
  "timestamp_ms" : 1669907426756,
  "time" : "Thu Dec  1 16:10:26 2022",
  "jobs" : [
    {
      "jobname" : "qd32",
      "groupid" : 0,
      "error" : 0,
      "eta" : 0,
      "elapsed" : 41,
      "job options" : {
        "name" : "qd32",
        "rw" : "write",
        "direct" : "1",
        "group_reporting" : "1",
        "thread" : "1",
        "time_based" : "1",
        "runtime" : "30s",
        "ramp_time" : "10s",
        "numa_cpu_nodes" : "0",
        "numa_mem_policy" : "bind:0",
        "size" : "40G",
        "ioengine" : "spdk",
        "filename" : "trtype=PCIe traddr=0000.04.00.0 ns=1",
        "bs" : "4096",
        "iodepth" : "32"
      },
      "read" : {
        "io_bytes" : 0,
        "io_kbytes" : 0,
        "bw_bytes" : 0,
        "bw" : 0,
        "iops" : 0.000000,
        "runtime" : 0,
        "total_ios" : 0,
        "short_ios" : 0,
        "drop_ios" : 0,
        "slat_ns" : {
          "min" : 0,
          "max" : 0,
          "mean" : 0.000000,
          "stddev" : 0.000000,
          "N" : 0
        },
        "clat_ns" : {
          "min" : 0,
          "max" : 0,
          "mean" : 0.000000,
          "stddev" : 0.000000,
          "N" : 0
        },
        "lat_ns" : {
          "min" : 0,
          "max" : 0,
          "mean" : 0.000000,
          "stddev" : 0.000000,
          "N" : 0
        },
        "bw_min" : 0,
        "bw_max" : 0,
        "bw_agg" : 0.000000,
        "bw_mean" : 0.000000,
        "bw_dev" : 0.000000,
        "bw_samples" : 0,
        "iops_min" : 0,
        "iops_max" : 0,
        "iops_mean" : 0.000000,
        "iops_stddev" : 0.000000,
        "iops_samples" : 0
      },
      "write" : {
        "io_bytes" : 90720944128,
        "io_kbytes" : 88594672,
        "bw_bytes" : 3023930673,
        "bw" : 2953057,
        "iops" : 738263.291224,
        "runtime" : 30001,
        "total_ios" : 22148637,
        "short_ios" : 0,
        "drop_ios" : 0,
        "slat_ns" : {
          "min" : 128,
          "max" : 17711,
          "mean" : 161.221991,
          "stddev" : 76.504199,
          "N" : 22148637
        },
        "clat_ns" : {
          "min" : 19832,
          "max" : 6221472,
          "mean" : 42939.115216,
          "stddev" : 42476.331740,
          "N" : 22148668,
          "percentile" : {
            "1.000000" : 41728,
            "5.000000" : 41728,
            "10.000000" : 41728,
            "20.000000" : 41728,
            "30.000000" : 41728,
            "40.000000" : 42240,
            "50.000000" : 42240,
            "60.000000" : 42240,
            "70.000000" : 42240,
            "80.000000" : 42240,
            "90.000000" : 44800,
            "95.000000" : 45312,
            "99.000000" : 45312,
            "99.500000" : 52480,
            "99.900000" : 56064,
            "99.950000" : 59136,
            "99.990000" : 3620864
          }
        },
        "lat_ns" : {
          "min" : 19997,
          "max" : 6221616,
          "mean" : 43100.337197,
          "stddev" : 42476.352546,
          "N" : 22148668
        },
        "bw_min" : 2925888,
        "bw_max" : 2981208,
        "bw_agg" : 100.000000,
        "bw_mean" : 2954250.333333,
        "bw_dev" : 12707.915139,
        "bw_samples" : 60,
        "iops_min" : 731472,
        "iops_max" : 745302,
        "iops_mean" : 738562.883333,
        "iops_stddev" : 3177.058831,
        "iops_samples" : 60
      },
      "trim" : {
        "io_bytes" : 0,
        "io_kbytes" : 0,
        "bw_bytes" : 0,
        "bw" : 0,
        "iops" : 0.000000,
        "runtime" : 0,
        "total_ios" : 0,
        "short_ios" : 0,
        "drop_ios" : 0,
        "slat_ns" : {
          "min" : 0,
          "max" : 0,
          "mean" : 0.000000,
          "stddev" : 0.000000,
          "N" : 0
        },
        "clat_ns" : {
          "min" : 0,
          "max" : 0,
          "mean" : 0.000000,
          "stddev" : 0.000000,
          "N" : 0
        },
        "lat_ns" : {
          "min" : 0,
          "max" : 0,
          "mean" : 0.000000,
          "stddev" : 0.000000,
          "N" : 0
        },
        "bw_min" : 0,
        "bw_max" : 0,
        "bw_agg" : 0.000000,
        "bw_mean" : 0.000000,
        "bw_dev" : 0.000000,
        "bw_samples" : 0,
        "iops_min" : 0,
        "iops_max" : 0,
        "iops_mean" : 0.000000,
        "iops_stddev" : 0.000000,
        "iops_samples" : 0
      },
      "sync" : {
        "total_ios" : 0,
        "lat_ns" : {
          "min" : 0,
          "max" : 0,
          "mean" : 0.000000,
          "stddev" : 0.000000,
          "N" : 0
        }
      },
      "job_runtime" : 30000,
      "usr_cpu" : 99.996667,
      "sys_cpu" : 0.000000,
      "ctx" : 139,
      "majf" : 0,
      "minf" : 0,
      "iodepth_level" : {
        "1" : 0.000000,
        "2" : 0.000000,
        "4" : 0.000000,
        "8" : 0.000000,
        "16" : 0.000000,
        "32" : 100.000000,
        ">=64" : 0.000000
      },
      "iodepth_submit" : {
        "0" : 0.000000,
        "4" : 100.000000,
        "8" : 0.000000,
        "16" : 0.000000,
        "32" : 0.000000,
        "64" : 0.000000,
        ">=64" : 0.000000
      },
      "iodepth_complete" : {
        "0" : 0.000000,
        "4" : 99.999998,
        "8" : 0.000000,
        "16" : 0.000000,
        "32" : 0.100000,
        "64" : 0.000000,
        ">=64" : 0.000000
      },
      "latency_ns" : {
        "2" : 0.000000,
        "4" : 0.000000,
        "10" : 0.000000,
        "20" : 0.000000,
        "50" : 0.000000,
        "100" : 0.000000,
        "250" : 0.000000,
        "500" : 0.000000,
        "750" : 0.000000,
        "1000" : 0.000000
      },
      "latency_us" : {
        "2" : 0.000000,
        "4" : 0.000000,
        "10" : 0.000000,
        "20" : 0.010000,
        "50" : 99.405395,
        "100" : 0.571028,
        "250" : 0.011134,
        "500" : 0.010000,
        "750" : 0.000000,
        "1000" : 0.000000
      },
      "latency_ms" : {
        "2" : 0.010000,
        "4" : 0.011269,
        "10" : 0.010000,
        "20" : 0.000000,
        "50" : 0.000000,
        "100" : 0.000000,
        "250" : 0.000000,
        "500" : 0.000000,
        "750" : 0.000000,
        "1000" : 0.000000,
        "2000" : 0.000000,
        ">=2000" : 0.000000
      },
      "latency_depth" : 32,
      "latency_target" : 0,
      "latency_percentile" : 100.000000,
      "latency_window" : 0
    }
  ]
}
