{
  "fio version" : "fio-3.32",
  "timestamp" : 1670950782,
  "timestamp_ms" : 1670950782639,
  "time" : "Tue Dec 13 17:59:42 2022",
  "global options" : {
    "rw" : "write",
    "direct" : "1",
    "group_reporting" : "1",
    "filename" : "trtype=PCIe traddr=0000.88.00.0 ns=1",
    "bs" : "16384",
    "size" : "2G",
    "time_based" : "1",
    "iodepth" : "1",
    "numjobs" : "1",
    "ramp_time" : "10s",
    "runtime" : "30s",
    "numa_cpu_nodes" : "1",
    "numa_mem_policy" : "bind:1",
    "thread" : "1"
  },
  "jobs" : [
    {
      "jobname" : "seqzns",
      "groupid" : 0,
      "error" : 0,
      "eta" : 0,
      "elapsed" : 41,
      "job options" : {
        "name" : "seqzns",
        "ioengine" : "spdk"
      },
      "read" : {
        "io_bytes" : 0,
        "io_kbytes" : 0,
        "bw_bytes" : 0,
        "bw" : 0,
        "iops" : 0.000000,
        "runtime" : 0,
        "total_ios" : 0,
        "short_ios" : 0,
        "drop_ios" : 0,
        "slat_ns" : {
          "min" : 0,
          "max" : 0,
          "mean" : 0.000000,
          "stddev" : 0.000000,
          "N" : 0
        },
        "clat_ns" : {
          "min" : 0,
          "max" : 0,
          "mean" : 0.000000,
          "stddev" : 0.000000,
          "N" : 0
        },
        "lat_ns" : {
          "min" : 0,
          "max" : 0,
          "mean" : 0.000000,
          "stddev" : 0.000000,
          "N" : 0
        },
        "bw_min" : 0,
        "bw_max" : 0,
        "bw_agg" : 0.000000,
        "bw_mean" : 0.000000,
        "bw_dev" : 0.000000,
        "bw_samples" : 0,
        "iops_min" : 0,
        "iops_max" : 0,
        "iops_mean" : 0.000000,
        "iops_stddev" : 0.000000,
        "iops_samples" : 0
      },
      "write" : {
        "io_bytes" : 31065161728,
        "io_kbytes" : 30337072,
        "bw_bytes" : 1035470875,
        "bw" : 1011202,
        "iops" : 63200.126662,
        "runtime" : 30001,
        "total_ios" : 1896067,
        "short_ios" : 0,
        "drop_ios" : 0,
        "slat_ns" : {
          "min" : 177,
          "max" : 10735,
          "mean" : 318.954625,
          "stddev" : 66.251688,
          "N" : 1896067
        },
        "clat_ns" : {
          "min" : 14203,
          "max" : 1674665,
          "mean" : 15244.439460,
          "stddev" : 4246.960415,
          "N" : 1896067,
          "percentile" : {
            "1.000000" : 14400,
            "5.000000" : 14400,
            "10.000000" : 14528,
            "20.000000" : 14528,
            "30.000000" : 14656,
            "40.000000" : 14656,
            "50.000000" : 14784,
            "60.000000" : 14912,
            "70.000000" : 15040,
            "80.000000" : 15168,
            "90.000000" : 16512,
            "95.000000" : 17536,
            "99.000000" : 19328,
            "99.500000" : 21632,
            "99.900000" : 47360,
            "99.950000" : 52480,
            "99.990000" : 64768
          }
        },
        "lat_ns" : {
          "min" : 14543,
          "max" : 1674889,
          "mean" : 15563.394085,
          "stddev" : 4247.223509,
          "N" : 1896067
        },
        "bw_min" : 1007262,
        "bw_max" : 1015904,
        "bw_agg" : 100.000000,
        "bw_mean" : 1011505.254237,
        "bw_dev" : 2104.620185,
        "bw_samples" : 59,
        "iops_min" : 62953,
        "iops_max" : 63494,
        "iops_mean" : 63219.000000,
        "iops_stddev" : 131.526712,
        "iops_samples" : 59
      },
      "trim" : {
        "io_bytes" : 0,
        "io_kbytes" : 0,
        "bw_bytes" : 0,
        "bw" : 0,
        "iops" : 0.000000,
        "runtime" : 0,
        "total_ios" : 0,
        "short_ios" : 0,
        "drop_ios" : 0,
        "slat_ns" : {
          "min" : 0,
          "max" : 0,
          "mean" : 0.000000,
          "stddev" : 0.000000,
          "N" : 0
        },
        "clat_ns" : {
          "min" : 0,
          "max" : 0,
          "mean" : 0.000000,
          "stddev" : 0.000000,
          "N" : 0
        },
        "lat_ns" : {
          "min" : 0,
          "max" : 0,
          "mean" : 0.000000,
          "stddev" : 0.000000,
          "N" : 0
        },
        "bw_min" : 0,
        "bw_max" : 0,
        "bw_agg" : 0.000000,
        "bw_mean" : 0.000000,
        "bw_dev" : 0.000000,
        "bw_samples" : 0,
        "iops_min" : 0,
        "iops_max" : 0,
        "iops_mean" : 0.000000,
        "iops_stddev" : 0.000000,
        "iops_samples" : 0
      },
      "sync" : {
        "total_ios" : 0,
        "lat_ns" : {
          "min" : 0,
          "max" : 0,
          "mean" : 0.000000,
          "stddev" : 0.000000,
          "N" : 0
        }
      },
      "job_runtime" : 30000,
      "usr_cpu" : 100.000000,
      "sys_cpu" : 0.000000,
      "ctx" : 37,
      "majf" : 0,
      "minf" : 0,
      "iodepth_level" : {
        "1" : 100.000000,
        "2" : 0.000000,
        "4" : 0.000000,
        "8" : 0.000000,
        "16" : 0.000000,
        "32" : 0.000000,
        ">=64" : 0.000000
      },
      "iodepth_submit" : {
        "0" : 0.000000,
        "4" : 100.000000,
        "8" : 0.000000,
        "16" : 0.000000,
        "32" : 0.000000,
        "64" : 0.000000,
        ">=64" : 0.000000
      },
      "iodepth_complete" : {
        "0" : 0.000000,
        "4" : 100.000000,
        "8" : 0.000000,
        "16" : 0.000000,
        "32" : 0.000000,
        "64" : 0.000000,
        ">=64" : 0.000000
      },
      "latency_ns" : {
        "2" : 0.000000,
        "4" : 0.000000,
        "10" : 0.000000,
        "20" : 0.000000,
        "50" : 0.000000,
        "100" : 0.000000,
        "250" : 0.000000,
        "500" : 0.000000,
        "750" : 0.000000,
        "1000" : 0.000000
      },
      "latency_us" : {
        "2" : 0.000000,
        "4" : 0.000000,
        "10" : 0.000000,
        "20" : 99.282462,
        "50" : 0.641908,
        "100" : 0.067772,
        "250" : 0.010000,
        "500" : 0.010000,
        "750" : 0.010000,
        "1000" : 0.010000
      },
      "latency_ms" : {
        "2" : 0.010000,
        "4" : 0.000000,
        "10" : 0.000000,
        "20" : 0.000000,
        "50" : 0.000000,
        "100" : 0.000000,
        "250" : 0.000000,
        "500" : 0.000000,
        "750" : 0.000000,
        "1000" : 0.000000,
        "2000" : 0.000000,
        ">=2000" : 0.000000
      },
      "latency_depth" : 1,
      "latency_target" : 0,
      "latency_percentile" : 100.000000,
      "latency_window" : 0
    }
  ]
}
