{
  "fio version" : "fio-3.32",
  "timestamp" : 1674657872,
  "timestamp_ms" : 1674657872333,
  "time" : "Wed Jan 25 15:44:32 2023",
  "global options" : {
    "rw" : "randread",
    "norandommap" : "1",
    "direct" : "1",
    "group_reporting" : "1",
    "thread" : "1",
    "time_based" : "1",
    "ramp_time" : "10s",
    "runtime" : "3m",
    "percentile_list" : "1:5:10:20:30:40:50:60:70:80:90:95:98:99:99.9:99.99:99.999:100",
    "numa_cpu_nodes" : "1",
    "numa_mem_policy" : "bind:1",
    "offset" : "0z",
    "size" : "1z",
    "zonemode" : "zbd",
    "max_open_zones" : "14",
    "ioengine" : "spdk",
    "filename" : "trtype=PCIe traddr=0000.88.00.0 ns=2"
  },
  "jobs" : [
    {
      "jobname" : "qd16",
      "groupid" : 0,
      "error" : 0,
      "eta" : 0,
      "elapsed" : 191,
      "job options" : {
        "iodepth" : "16",
        "numjobs" : "1",
        "bs" : "16384",
        "offset_increment" : "1z",
        "job_max_open_zones" : "1"
      },
      "read" : {
        "io_bytes" : 329841459200,
        "io_kbytes" : 322110800,
        "bw_bytes" : 1832442370,
        "bw" : 1789494,
        "iops" : 111843.323093,
        "runtime" : 180001,
        "total_ios" : 20131910,
        "short_ios" : 0,
        "drop_ios" : 0,
        "slat_ns" : {
          "min" : 120,
          "max" : 16291,
          "mean" : 140.575793,
          "stddev" : 23.265278,
          "N" : 20131910
        },
        "clat_ns" : {
          "min" : 49042,
          "max" : 918026,
          "mean" : 142581.429870,
          "stddev" : 47279.052281,
          "N" : 20131925,
          "percentile" : {
            "1.000000" : 96768,
            "5.000000" : 98816,
            "10.000000" : 99840,
            "20.000000" : 104960,
            "30.000000" : 112128,
            "40.000000" : 117248,
            "50.000000" : 128512,
            "60.000000" : 138240,
            "70.000000" : 152576,
            "80.000000" : 173056,
            "90.000000" : 203776,
            "95.000000" : 238592,
            "98.000000" : 280576,
            "99.000000" : 313344,
            "99.900000" : 411648,
            "99.990000" : 509952,
            "99.999000" : 602112,
            "100.000000" : 921600
          }
        },
        "lat_ns" : {
          "min" : 49195,
          "max" : 918174,
          "mean" : 142722.005658,
          "stddev" : 47278.811220,
          "N" : 20131925
        },
        "bw_min" : 1761795,
        "bw_max" : 1797344,
        "bw_agg" : 100.000000,
        "bw_mean" : 1789906.855556,
        "bw_dev" : 4333.280594,
        "bw_samples" : 360,
        "iops_min" : 110112,
        "iops_max" : 112334,
        "iops_mean" : 111869.141667,
        "iops_stddev" : 270.823133,
        "iops_samples" : 360
      },
      "write" : {
        "io_bytes" : 0,
        "io_kbytes" : 0,
        "bw_bytes" : 0,
        "bw" : 0,
        "iops" : 0.000000,
        "runtime" : 0,
        "total_ios" : 0,
        "short_ios" : 0,
        "drop_ios" : 0,
        "slat_ns" : {
          "min" : 0,
          "max" : 0,
          "mean" : 0.000000,
          "stddev" : 0.000000,
          "N" : 0
        },
        "clat_ns" : {
          "min" : 0,
          "max" : 0,
          "mean" : 0.000000,
          "stddev" : 0.000000,
          "N" : 0
        },
        "lat_ns" : {
          "min" : 0,
          "max" : 0,
          "mean" : 0.000000,
          "stddev" : 0.000000,
          "N" : 0
        },
        "bw_min" : 0,
        "bw_max" : 0,
        "bw_agg" : 0.000000,
        "bw_mean" : 0.000000,
        "bw_dev" : 0.000000,
        "bw_samples" : 0,
        "iops_min" : 0,
        "iops_max" : 0,
        "iops_mean" : 0.000000,
        "iops_stddev" : 0.000000,
        "iops_samples" : 0
      },
      "trim" : {
        "io_bytes" : 0,
        "io_kbytes" : 0,
        "bw_bytes" : 0,
        "bw" : 0,
        "iops" : 0.000000,
        "runtime" : 0,
        "total_ios" : 0,
        "short_ios" : 0,
        "drop_ios" : 0,
        "slat_ns" : {
          "min" : 0,
          "max" : 0,
          "mean" : 0.000000,
          "stddev" : 0.000000,
          "N" : 0
        },
        "clat_ns" : {
          "min" : 0,
          "max" : 0,
          "mean" : 0.000000,
          "stddev" : 0.000000,
          "N" : 0
        },
        "lat_ns" : {
          "min" : 0,
          "max" : 0,
          "mean" : 0.000000,
          "stddev" : 0.000000,
          "N" : 0
        },
        "bw_min" : 0,
        "bw_max" : 0,
        "bw_agg" : 0.000000,
        "bw_mean" : 0.000000,
        "bw_dev" : 0.000000,
        "bw_samples" : 0,
        "iops_min" : 0,
        "iops_max" : 0,
        "iops_mean" : 0.000000,
        "iops_stddev" : 0.000000,
        "iops_samples" : 0
      },
      "sync" : {
        "total_ios" : 0,
        "lat_ns" : {
          "min" : 0,
          "max" : 0,
          "mean" : 0.000000,
          "stddev" : 0.000000,
          "N" : 0
        }
      },
      "job_runtime" : 180000,
      "usr_cpu" : 100.000556,
      "sys_cpu" : 0.000000,
      "ctx" : 201,
      "majf" : 0,
      "minf" : 0,
      "iodepth_level" : {
        "1" : 0.000000,
        "2" : 0.000000,
        "4" : 0.000000,
        "8" : 0.000000,
        "16" : 100.000000,
        "32" : 0.000000,
        ">=64" : 0.000000
      },
      "iodepth_submit" : {
        "0" : 0.000000,
        "4" : 100.000000,
        "8" : 0.000000,
        "16" : 0.000000,
        "32" : 0.000000,
        "64" : 0.000000,
        ">=64" : 0.000000
      },
      "iodepth_complete" : {
        "0" : 0.000000,
        "4" : 99.999998,
        "8" : 0.000000,
        "16" : 0.100000,
        "32" : 0.000000,
        "64" : 0.000000,
        ">=64" : 0.000000
      },
      "latency_ns" : {
        "2" : 0.000000,
        "4" : 0.000000,
        "10" : 0.000000,
        "20" : 0.000000,
        "50" : 0.000000,
        "100" : 0.000000,
        "250" : 0.000000,
        "500" : 0.000000,
        "750" : 0.000000,
        "1000" : 0.000000
      },
      "latency_us" : {
        "2" : 0.000000,
        "4" : 0.000000,
        "10" : 0.000000,
        "20" : 0.000000,
        "50" : 0.010000,
        "100" : 8.835267,
        "250" : 87.310941,
        "500" : 3.840818,
        "750" : 0.012329,
        "1000" : 0.010000
      },
      "latency_ms" : {
        "2" : 0.000000,
        "4" : 0.000000,
        "10" : 0.000000,
        "20" : 0.000000,
        "50" : 0.000000,
        "100" : 0.000000,
        "250" : 0.000000,
        "500" : 0.000000,
        "750" : 0.000000,
        "1000" : 0.000000,
        "2000" : 0.000000,
        ">=2000" : 0.000000
      },
      "latency_depth" : 16,
      "latency_target" : 0,
      "latency_percentile" : 100.000000,
      "latency_window" : 0
    }
  ]
}
