{
  "fio version" : "fio-3.32",
  "timestamp" : 1674143168,
  "timestamp_ms" : 1674143168179,
  "time" : "Thu Jan 19 16:46:08 2023",
  "global options" : {
    "direct" : "1",
    "thread" : "1",
    "time_based" : "1",
    "ramp_time" : "10s",
    "runtime" : "1m",
    "percentile_list" : "1:5:10:20:30:40:50:60:70:80:90:95:98:99:99.9:99.99:99.999:100",
    "numa_cpu_nodes" : "1",
    "numa_mem_policy" : "bind:1",
    "zonemode" : "zbd",
    "max_open_zones" : "14",
    "ioengine" : "spdk",
    "filename" : "trtype=PCIe traddr=0000.88.00.0 ns=2"
  },
  "jobs" : [
    {
      "jobname" : "read_4096",
      "groupid" : 0,
      "error" : 0,
      "eta" : 0,
      "elapsed" : 71,
      "job options" : {
        "iodepth" : "512",
        "bs" : "4096",
        "rw" : "randread",
        "norandommap" : "1",
        "size" : "1z",
        "offset" : "199z",
        "flow" : "90"
      },
      "read" : {
        "io_bytes" : 20392886272,
        "io_kbytes" : 19914928,
        "bw_bytes" : 339870108,
        "bw" : 331904,
        "iops" : 82976.084131,
        "runtime" : 60002,
        "total_ios" : 4978731,
        "short_ios" : 0,
        "drop_ios" : 0,
        "slat_ns" : {
          "min" : 92,
          "max" : 16672,
          "mean" : 129.078621,
          "stddev" : 38.331067,
          "N" : 4978731
        },
        "clat_ns" : {
          "min" : 34828,
          "max" : 3692252,
          "mean" : 143353.643943,
          "stddev" : 114043.255172,
          "N" : 4978731,
          "percentile" : {
            "1.000000" : 80384,
            "5.000000" : 84480,
            "10.000000" : 88576,
            "20.000000" : 95744,
            "30.000000" : 102912,
            "40.000000" : 109056,
            "50.000000" : 115200,
            "60.000000" : 127488,
            "70.000000" : 146432,
            "80.000000" : 162816,
            "90.000000" : 201728,
            "95.000000" : 244736,
            "98.000000" : 374784,
            "99.000000" : 569344,
            "99.900000" : 1499136,
            "99.990000" : 2277376,
            "99.999000" : 3063808,
            "100.000000" : 3686400
          }
        },
        "lat_ns" : {
          "min" : 34974,
          "max" : 3692355,
          "mean" : 143482.722563,
          "stddev" : 114041.057615,
          "N" : 4978731
        },
        "bw_min" : 309032,
        "bw_max" : 569848,
        "bw_agg" : 100.000000,
        "bw_mean" : 332002.233333,
        "bw_dev" : 22424.184706,
        "bw_samples" : 120,
        "iops_min" : 77258,
        "iops_max" : 142462,
        "iops_mean" : 83000.508333,
        "iops_stddev" : 5606.045385,
        "iops_samples" : 120
      },
      "write" : {
        "io_bytes" : 0,
        "io_kbytes" : 0,
        "bw_bytes" : 0,
        "bw" : 0,
        "iops" : 0.000000,
        "runtime" : 0,
        "total_ios" : 0,
        "short_ios" : 0,
        "drop_ios" : 0,
        "slat_ns" : {
          "min" : 0,
          "max" : 0,
          "mean" : 0.000000,
          "stddev" : 0.000000,
          "N" : 0
        },
        "clat_ns" : {
          "min" : 0,
          "max" : 0,
          "mean" : 0.000000,
          "stddev" : 0.000000,
          "N" : 0
        },
        "lat_ns" : {
          "min" : 0,
          "max" : 0,
          "mean" : 0.000000,
          "stddev" : 0.000000,
          "N" : 0
        },
        "bw_min" : 0,
        "bw_max" : 0,
        "bw_agg" : 0.000000,
        "bw_mean" : 0.000000,
        "bw_dev" : 0.000000,
        "bw_samples" : 0,
        "iops_min" : 0,
        "iops_max" : 0,
        "iops_mean" : 0.000000,
        "iops_stddev" : 0.000000,
        "iops_samples" : 0
      },
      "trim" : {
        "io_bytes" : 0,
        "io_kbytes" : 0,
        "bw_bytes" : 0,
        "bw" : 0,
        "iops" : 0.000000,
        "runtime" : 0,
        "total_ios" : 0,
        "short_ios" : 0,
        "drop_ios" : 0,
        "slat_ns" : {
          "min" : 0,
          "max" : 0,
          "mean" : 0.000000,
          "stddev" : 0.000000,
          "N" : 0
        },
        "clat_ns" : {
          "min" : 0,
          "max" : 0,
          "mean" : 0.000000,
          "stddev" : 0.000000,
          "N" : 0
        },
        "lat_ns" : {
          "min" : 0,
          "max" : 0,
          "mean" : 0.000000,
          "stddev" : 0.000000,
          "N" : 0
        },
        "bw_min" : 0,
        "bw_max" : 0,
        "bw_agg" : 0.000000,
        "bw_mean" : 0.000000,
        "bw_dev" : 0.000000,
        "bw_samples" : 0,
        "iops_min" : 0,
        "iops_max" : 0,
        "iops_mean" : 0.000000,
        "iops_stddev" : 0.000000,
        "iops_samples" : 0
      },
      "sync" : {
        "total_ios" : 0,
        "lat_ns" : {
          "min" : 0,
          "max" : 0,
          "mean" : 0.000000,
          "stddev" : 0.000000,
          "N" : 0
        }
      },
      "job_runtime" : 60001,
      "usr_cpu" : 100.003333,
      "sys_cpu" : 0.000000,
      "ctx" : 120,
      "majf" : 0,
      "minf" : 0,
      "iodepth_level" : {
        "1" : 3.675495,
        "2" : 7.350990,
        "4" : 14.701979,
        "8" : 29.403838,
        "16" : 44.107163,
        "32" : 0.100000,
        ">=64" : 0.751336
      },
      "iodepth_submit" : {
        "0" : 0.000000,
        "4" : 100.000000,
        "8" : 0.000000,
        "16" : 0.000000,
        "32" : 0.000000,
        "64" : 0.000000,
        ">=64" : 0.000000
      },
      "iodepth_complete" : {
        "0" : 0.000000,
        "4" : 99.999990,
        "8" : 0.000000,
        "16" : 0.000000,
        "32" : 0.000000,
        "64" : 0.000000,
        ">=64" : 0.100000
      },
      "latency_ns" : {
        "2" : 0.000000,
        "4" : 0.000000,
        "10" : 0.000000,
        "20" : 0.000000,
        "50" : 0.000000,
        "100" : 0.000000,
        "250" : 0.000000,
        "500" : 0.000000,
        "750" : 0.000000,
        "1000" : 0.000000
      },
      "latency_us" : {
        "2" : 0.000000,
        "4" : 0.000000,
        "10" : 0.000000,
        "20" : 0.000000,
        "50" : 0.029485,
        "100" : 25.853917,
        "250" : 69.383263,
        "500" : 3.501193,
        "750" : 0.423963,
        "1000" : 0.285354
      },
      "latency_ms" : {
        "2" : 0.501292,
        "4" : 0.021532,
        "10" : 0.000000,
        "20" : 0.000000,
        "50" : 0.000000,
        "100" : 0.000000,
        "250" : 0.000000,
        "500" : 0.000000,
        "750" : 0.000000,
        "1000" : 0.000000,
        "2000" : 0.000000,
        ">=2000" : 0.000000
      },
      "latency_depth" : 512,
      "latency_target" : 0,
      "latency_percentile" : 100.000000,
      "latency_window" : 0
    },
    {
      "jobname" : "write_512_4096",
      "groupid" : 0,
      "error" : 0,
      "eta" : 0,
      "elapsed" : 71,
      "job options" : {
        "iodepth" : "4",
        "bs" : "8192",
        "rw" : "write",
        "size" : "1z",
        "offset" : "200z",
        "flow" : "10",
        "zone_append" : "1"
      },
      "read" : {
        "io_bytes" : 0,
        "io_kbytes" : 0,
        "bw_bytes" : 0,
        "bw" : 0,
        "iops" : 0.000000,
        "runtime" : 0,
        "total_ios" : 0,
        "short_ios" : 0,
        "drop_ios" : 0,
        "slat_ns" : {
          "min" : 0,
          "max" : 0,
          "mean" : 0.000000,
          "stddev" : 0.000000,
          "N" : 0
        },
        "clat_ns" : {
          "min" : 0,
          "max" : 0,
          "mean" : 0.000000,
          "stddev" : 0.000000,
          "N" : 0
        },
        "lat_ns" : {
          "min" : 0,
          "max" : 0,
          "mean" : 0.000000,
          "stddev" : 0.000000,
          "N" : 0
        },
        "bw_min" : 0,
        "bw_max" : 0,
        "bw_agg" : 0.000000,
        "bw_mean" : 0.000000,
        "bw_dev" : 0.000000,
        "bw_samples" : 0,
        "iops_min" : 0,
        "iops_max" : 0,
        "iops_mean" : 0.000000,