{
  "fio version" : "fio-3.32",
  "timestamp" : 1673873493,
  "timestamp_ms" : 1673873493470,
  "time" : "Mon Jan 16 13:51:33 2023",
  "global options" : {
    "rw" : "read",
    "direct" : "1",
    "group_reporting" : "1",
    "thread" : "1",
    "time_based" : "1",
    "ramp_time" : "10s",
    "runtime" : "3m",
    "percentile_list" : "1:5:10:20:30:40:50:60:70:80:90:95:98:99:99.9:99.99:99.999:100",
    "numa_cpu_nodes" : "1",
    "numa_mem_policy" : "bind:1",
    "size" : "100z",
    "zonemode" : "zbd",
    "max_open_zones" : "14",
    "ioengine" : "spdk",
    "filename" : "trtype=PCIe traddr=0000.88.00.0 ns=2"
  },
  "jobs" : [
    {
      "jobname" : "qd512",
      "groupid" : 0,
      "error" : 0,
      "eta" : 0,
      "elapsed" : 191,
      "job options" : {
        "iodepth" : "512",
        "numjobs" : "4",
        "bs" : "2048",
        "offset_increment" : "100z",
        "job_max_open_zones" : "1"
      },
      "read" : {
        "io_bytes" : 101769254912,
        "io_kbytes" : 99384038,
        "bw_bytes" : 565362763,
        "bw" : 552112,
        "iops" : 276044.681596,
        "runtime" : 180007,
        "total_ios" : 49689975,
        "short_ios" : 0,
        "drop_ios" : 0,
        "slat_ns" : {
          "min" : 97,
          "max" : 29813,
          "mean" : 111.609037,
          "stddev" : 32.352214,
          "N" : 49689975
        },
        "clat_ns" : {
          "min" : 4389929,
          "max" : 17220663,
          "mean" : 7418549.594078,
          "stddev" : 1161701.712348,
          "N" : 49692019,
          "percentile" : {
            "1.000000" : 5537792,
            "5.000000" : 5931008,
            "10.000000" : 6127616,
            "20.000000" : 6455296,
            "30.000000" : 6717440,
            "40.000000" : 6979584,
            "50.000000" : 7241728,
            "60.000000" : 7503872,
            "70.000000" : 7831552,
            "80.000000" : 8290304,
            "90.000000" : 8978432,
            "95.000000" : 9633792,
            "98.000000" : 10420224,
            "99.000000" : 11075584,
            "99.900000" : 12779520,
            "99.990000" : 14483456,
            "99.999000" : 15532032,
            "100.000000" : 17170432
          }
        },
        "lat_ns" : {
          "min" : 4390039,
          "max" : 17220788,
          "mean" : 7418661.203137,
          "stddev" : 1161701.957333,
          "N" : 49692019
        },
        "bw_min" : 487187,
        "bw_max" : 623980,
        "bw_agg" : 100.000000,
        "bw_mean" : 552568.760446,
        "bw_dev" : 6355.111558,
        "bw_samples" : 1436,
        "iops_min" : 243595,
        "iops_max" : 311992,
        "iops_mean" : 276284.356546,
        "iops_stddev" : 3177.550257,
        "iops_samples" : 1436
      },
      "write" : {
        "io_bytes" : 0,
        "io_kbytes" : 0,
        "bw_bytes" : 0,
        "bw" : 0,
        "iops" : 0.000000,
        "runtime" : 0,
        "total_ios" : 0,
        "short_ios" : 0,
        "drop_ios" : 0,
        "slat_ns" : {
          "min" : 0,
          "max" : 0,
          "mean" : 0.000000,
          "stddev" : 0.000000,
          "N" : 0
        },
        "clat_ns" : {
          "min" : 0,
          "max" : 0,
          "mean" : 0.000000,
          "stddev" : 0.000000,
          "N" : 0
        },
        "lat_ns" : {
          "min" : 0,
          "max" : 0,
          "mean" : 0.000000,
          "stddev" : 0.000000,
          "N" : 0
        },
        "bw_min" : 0,
        "bw_max" : 0,
        "bw_agg" : 0.000000,
        "bw_mean" : 0.000000,
        "bw_dev" : 0.000000,
        "bw_samples" : 0,
        "iops_min" : 0,
        "iops_max" : 0,
        "iops_mean" : 0.000000,
        "iops_stddev" : 0.000000,
        "iops_samples" : 0
      },
      "trim" : {
        "io_bytes" : 0,
        "io_kbytes" : 0,
        "bw_bytes" : 0,
        "bw" : 0,
        "iops" : 0.000000,
        "runtime" : 0,
        "total_ios" : 0,
        "short_ios" : 0,
        "drop_ios" : 0,
        "slat_ns" : {
          "min" : 0,
          "max" : 0,
          "mean" : 0.000000,
          "stddev" : 0.000000,
          "N" : 0
        },
        "clat_ns" : {
          "min" : 0,
          "max" : 0,
          "mean" : 0.000000,
          "stddev" : 0.000000,
          "N" : 0
        },
        "lat_ns" : {
          "min" : 0,
          "max" : 0,
          "mean" : 0.000000,
          "stddev" : 0.000000,
          "N" : 0
        },
        "bw_min" : 0,
        "bw_max" : 0,
        "bw_agg" : 0.000000,
        "bw_mean" : 0.000000,
        "bw_dev" : 0.000000,
        "bw_samples" : 0,
        "iops_min" : 0,
        "iops_max" : 0,
        "iops_mean" : 0.000000,
        "iops_stddev" : 0.000000,
        "iops_samples" : 0
      },
      "sync" : {
        "total_ios" : 0,
        "lat_ns" : {
          "min" : 0,
          "max" : 0,
          "mean" : 0.000000,
          "stddev" : 0.000000,
          "N" : 0
        }
      },
      "job_runtime" : 720022,
      "usr_cpu" : 100.000417,
      "sys_cpu" : 0.000000,
      "ctx" : 672,
      "majf" : 0,
      "minf" : 0,
      "iodepth_level" : {
        "1" : 0.000000,
        "2" : 0.000000,
        "4" : 0.000000,
        "8" : 0.000000,
        "16" : 0.000000,
        "32" : 0.000000,
        ">=64" : 100.000000
      },
      "iodepth_submit" : {
        "0" : 0.000000,
        "4" : 100.000000,
        "8" : 0.000000,
        "16" : 0.000000,
        "32" : 0.000000,
        "64" : 0.000000,
        ">=64" : 0.000000
      },
      "iodepth_complete" : {
        "0" : 0.000000,
        "4" : 99.999996,
        "8" : 0.000000,
        "16" : 0.000000,
        "32" : 0.000000,
        "64" : 0.000000,
        ">=64" : 0.100000
      },
      "latency_ns" : {
        "2" : 0.000000,
        "4" : 0.000000,
        "10" : 0.000000,
        "20" : 0.000000,
        "50" : 0.000000,
        "100" : 0.000000,
        "250" : 0.000000,
        "500" : 0.000000,
        "750" : 0.000000,
        "1000" : 0.000000
      },
      "latency_us" : {
        "2" : 0.000000,
        "4" : 0.000000,
        "10" : 0.000000,
        "20" : 0.000000,
        "50" : 0.000000,
        "100" : 0.000000,
        "250" : 0.000000,
        "500" : 0.000000,
        "750" : 0.000000,
        "1000" : 0.000000
      },
      "latency_ms" : {
        "2" : 0.000000,
        "4" : 0.000000,
        "10" : 96.788545,
        "20" : 3.215568,
        "50" : 0.000000,
        "100" : 0.000000,
        "250" : 0.000000,
        "500" : 0.000000,
        "750" : 0.000000,
        "1000" : 0.000000,
        "2000" : 0.000000,
        ">=2000" : 0.000000
      },
      "latency_depth" : 512,
      "latency_target" : 0,
      "latency_percentile" : 100.000000,
      "latency_window" : 0
    }
  ]
}
