{
  "fio version" : "fio-3.32",
  "timestamp" : 1673912783,
  "timestamp_ms" : 1673912783690,
  "time" : "Tue Jan 17 00:46:23 2023",
  "global options" : {
    "rw" : "read",
    "direct" : "1",
    "group_reporting" : "1",
    "thread" : "1",
    "time_based" : "1",
    "ramp_time" : "10s",
    "runtime" : "3m",
    "percentile_list" : "1:5:10:20:30:40:50:60:70:80:90:95:98:99:99.9:99.99:99.999:100",
    "numa_cpu_nodes" : "1",
    "numa_mem_policy" : "bind:1",
    "size" : "100z",
    "zonemode" : "zbd",
    "max_open_zones" : "14",
    "ioengine" : "spdk",
    "filename" : "trtype=PCIe traddr=0000.88.00.0 ns=2"
  },
  "jobs" : [
    {
      "jobname" : "qd2",
      "groupid" : 0,
      "error" : 0,
      "eta" : 0,
      "elapsed" : 191,
      "job options" : {
        "iodepth" : "2",
        "numjobs" : "1",
        "bs" : "131072",
        "offset_increment" : "100z",
        "job_max_open_zones" : "1"
      },
      "read" : {
        "io_bytes" : 500318732288,
        "io_kbytes" : 488592512,
        "bw_bytes" : 2779533070,
        "bw" : 2714387,
        "iops" : 21206.148855,
        "runtime" : 180001,
        "total_ios" : 3817128,
        "short_ios" : 0,
        "drop_ios" : 0,
        "slat_ns" : {
          "min" : 123,
          "max" : 16280,
          "mean" : 152.234328,
          "stddev" : 25.501255,
          "N" : 3817128
        },
        "clat_ns" : {
          "min" : 50952,
          "max" : 1568533,
          "mean" : 93851.821848,
          "stddev" : 92246.567949,
          "N" : 3817129,
          "percentile" : {
            "1.000000" : 51456,
            "5.000000" : 51968,
            "10.000000" : 51968,
            "20.000000" : 56576,
            "30.000000" : 78336,
            "40.000000" : 79360,
            "50.000000" : 79360,
            "60.000000" : 79360,
            "70.000000" : 79360,
            "80.000000" : 79360,
            "90.000000" : 111104,
            "95.000000" : 168960,
            "98.000000" : 544768,
            "99.000000" : 643072,
            "99.900000" : 790528,
            "99.990000" : 978944,
            "99.999000" : 1368064,
            "100.000000" : 1564672
          }
        },
        "lat_ns" : {
          "min" : 51112,
          "max" : 1568686,
          "mean" : 94004.056173,
          "stddev" : 92246.590216,
          "N" : 3817129
        },
        "bw_min" : 2570752,
        "bw_max" : 2866432,
        "bw_agg" : 100.000000,
        "bw_mean" : 2715012.708333,
        "bw_dev" : 58270.718363,
        "bw_samples" : 360,
        "iops_min" : 20084,
        "iops_max" : 22394,
        "iops_mean" : 21210.983333,
        "iops_stddev" : 455.272816,
        "iops_samples" : 360
      },
      "write" : {
        "io_bytes" : 0,
        "io_kbytes" : 0,
        "bw_bytes" : 0,
        "bw" : 0,
        "iops" : 0.000000,
        "runtime" : 0,
        "total_ios" : 0,
        "short_ios" : 0,
        "drop_ios" : 0,
        "slat_ns" : {
          "min" : 0,
          "max" : 0,
          "mean" : 0.000000,
          "stddev" : 0.000000,
          "N" : 0
        },
        "clat_ns" : {
          "min" : 0,
          "max" : 0,
          "mean" : 0.000000,
          "stddev" : 0.000000,
          "N" : 0
        },
        "lat_ns" : {
          "min" : 0,
          "max" : 0,
          "mean" : 0.000000,
          "stddev" : 0.000000,
          "N" : 0
        },
        "bw_min" : 0,
        "bw_max" : 0,
        "bw_agg" : 0.000000,
        "bw_mean" : 0.000000,
        "bw_dev" : 0.000000,
        "bw_samples" : 0,
        "iops_min" : 0,
        "iops_max" : 0,
        "iops_mean" : 0.000000,
        "iops_stddev" : 0.000000,
        "iops_samples" : 0
      },
      "trim" : {
        "io_bytes" : 0,
        "io_kbytes" : 0,
        "bw_bytes" : 0,
        "bw" : 0,
        "iops" : 0.000000,
        "runtime" : 0,
        "total_ios" : 0,
        "short_ios" : 0,
        "drop_ios" : 0,
        "slat_ns" : {
          "min" : 0,
          "max" : 0,
          "mean" : 0.000000,
          "stddev" : 0.000000,
          "N" : 0
        },
        "clat_ns" : {
          "min" : 0,
          "max" : 0,
          "mean" : 0.000000,
          "stddev" : 0.000000,
          "N" : 0
        },
        "lat_ns" : {
          "min" : 0,
          "max" : 0,
          "mean" : 0.000000,
          "stddev" : 0.000000,
          "N" : 0
        },
        "bw_min" : 0,
        "bw_max" : 0,
        "bw_agg" : 0.000000,
        "bw_mean" : 0.000000,
        "bw_dev" : 0.000000,
        "bw_samples" : 0,
        "iops_min" : 0,
        "iops_max" : 0,
        "iops_mean" : 0.000000,
        "iops_stddev" : 0.000000,
        "iops_samples" : 0
      },
      "sync" : {
        "total_ios" : 0,
        "lat_ns" : {
          "min" : 0,
          "max" : 0,
          "mean" : 0.000000,
          "stddev" : 0.000000,
          "N" : 0
        }
      },
      "job_runtime" : 180000,
      "usr_cpu" : 100.000000,
      "sys_cpu" : 0.000000,
      "ctx" : 187,
      "majf" : 0,
      "minf" : 0,
      "iodepth_level" : {
        "1" : 0.100000,
        "2" : 99.999895,
        "4" : 0.000000,
        "8" : 0.000000,
        "16" : 0.000000,
        "32" : 0.000000,
        ">=64" : 0.000000
      },
      "iodepth_submit" : {
        "0" : 0.000000,
        "4" : 100.000000,
        "8" : 0.000000,
        "16" : 0.000000,
        "32" : 0.000000,
        "64" : 0.000000,
        ">=64" : 0.000000
      },
      "iodepth_complete" : {
        "0" : 0.000000,
        "4" : 100.000000,
        "8" : 0.000000,
        "16" : 0.000000,
        "32" : 0.000000,
        "64" : 0.000000,
        ">=64" : 0.000000
      },
      "latency_ns" : {
        "2" : 0.000000,
        "4" : 0.000000,
        "10" : 0.000000,
        "20" : 0.000000,
        "50" : 0.000000,
        "100" : 0.000000,
        "250" : 0.000000,
        "500" : 0.000000,
        "750" : 0.000000,
        "1000" : 0.000000
      },
      "latency_us" : {
        "2" : 0.000000,
        "4" : 0.000000,
        "10" : 0.000000,
        "20" : 0.000000,
        "50" : 0.000000,
        "100" : 87.679795,
        "250" : 9.024376,
        "500" : 1.060457,
        "750" : 2.044548,
        "1000" : 0.181786
      },
      "latency_ms" : {
        "2" : 0.010000,
        "4" : 0.000000,
        "10" : 0.000000,
        "20" : 0.000000,
        "50" : 0.000000,
        "100" : 0.000000,
        "250" : 0.000000,
        "500" : 0.000000,
        "750" : 0.000000,
        "1000" : 0.000000,
        "2000" : 0.000000,
        ">=2000" : 0.000000
      },
      "latency_depth" : 2,
      "latency_target" : 0,
      "latency_percentile" : 100.000000,
      "latency_window" : 0
    }
  ]
}
