{
  "fio version" : "fio-3.32",
  "timestamp" : 1673898096,
  "timestamp_ms" : 1673898096890,
  "time" : "Mon Jan 16 20:41:36 2023",
  "global options" : {
    "rw" : "read",
    "direct" : "1",
    "group_reporting" : "1",
    "thread" : "1",
    "time_based" : "1",
    "ramp_time" : "10s",
    "runtime" : "3m",
    "percentile_list" : "1:5:10:20:30:40:50:60:70:80:90:95:98:99:99.9:99.99:99.999:100",
    "numa_cpu_nodes" : "1",
    "numa_mem_policy" : "bind:1",
    "size" : "100z",
    "zonemode" : "zbd",
    "max_open_zones" : "14",
    "ioengine" : "spdk",
    "filename" : "trtype=PCIe traddr=0000.88.00.0 ns=2"
  },
  "jobs" : [
    {
      "jobname" : "qd2",
      "groupid" : 0,
      "error" : 0,
      "eta" : 0,
      "elapsed" : 191,
      "job options" : {
        "iodepth" : "2",
        "numjobs" : "8",
        "bs" : "32768",
        "offset_increment" : "100z",
        "job_max_open_zones" : "1"
      },
      "read" : {
        "io_bytes" : 372362870784,
        "io_kbytes" : 363635616,
        "bw_bytes" : 2068671122,
        "bw" : 2020186,
        "iops" : 63130.788162,
        "runtime" : 180001,
        "total_ios" : 11363605,
        "short_ios" : 0,
        "drop_ios" : 0,
        "slat_ns" : {
          "min" : 134,
          "max" : 29419,
          "mean" : 166.800061,
          "stddev" : 37.602215,
          "N" : 11363605
        },
        "clat_ns" : {
          "min" : 101179,
          "max" : 1825563,
          "mean" : 252882.202463,
          "stddev" : 127004.695987,
          "N" : 11363613,
          "percentile" : {
            "1.000000" : 134144,
            "5.000000" : 136192,
            "10.000000" : 138240,
            "20.000000" : 146432,
            "30.000000" : 160768,
            "40.000000" : 191488,
            "50.000000" : 218112,
            "60.000000" : 254976,
            "70.000000" : 272384,
            "80.000000" : 333824,
            "90.000000" : 411648,
            "95.000000" : 514048,
            "98.000000" : 618496,
            "99.000000" : 708608,
            "99.900000" : 946176,
            "99.990000" : 1155072,
            "99.999000" : 1351680,
            "100.000000" : 1826816
          }
        },
        "lat_ns" : {
          "min" : 101328,
          "max" : 1825723,
          "mean" : 253049.002521,
          "stddev" : 127004.190699,
          "N" : 11363613
        },
        "bw_min" : 1926432,
        "bw_max" : 2091840,
        "bw_agg" : 100.000000,
        "bw_mean" : 2020746.608457,
        "bw_dev" : 3514.033256,
        "bw_samples" : 2873,
        "iops_min" : 60201,
        "iops_max" : 65370,
        "iops_mean" : 63147.698576,
        "iops_stddev" : 109.815829,
        "iops_samples" : 2873
      },
      "write" : {
        "io_bytes" : 0,
        "io_kbytes" : 0,
        "bw_bytes" : 0,
        "bw" : 0,
        "iops" : 0.000000,
        "runtime" : 0,
        "total_ios" : 0,
        "short_ios" : 0,
        "drop_ios" : 0,
        "slat_ns" : {
          "min" : 0,
          "max" : 0,
          "mean" : 0.000000,
          "stddev" : 0.000000,
          "N" : 0
        },
        "clat_ns" : {
          "min" : 0,
          "max" : 0,
          "mean" : 0.000000,
          "stddev" : 0.000000,
          "N" : 0
        },
        "lat_ns" : {
          "min" : 0,
          "max" : 0,
          "mean" : 0.000000,
          "stddev" : 0.000000,
          "N" : 0
        },
        "bw_min" : 0,
        "bw_max" : 0,
        "bw_agg" : 0.000000,
        "bw_mean" : 0.000000,
        "bw_dev" : 0.000000,
        "bw_samples" : 0,
        "iops_min" : 0,
        "iops_max" : 0,
        "iops_mean" : 0.000000,
        "iops_stddev" : 0.000000,
        "iops_samples" : 0
      },
      "trim" : {
        "io_bytes" : 0,
        "io_kbytes" : 0,
        "bw_bytes" : 0,
        "bw" : 0,
        "iops" : 0.000000,
        "runtime" : 0,
        "total_ios" : 0,
        "short_ios" : 0,
        "drop_ios" : 0,
        "slat_ns" : {
          "min" : 0,
          "max" : 0,
          "mean" : 0.000000,
          "stddev" : 0.000000,
          "N" : 0
        },
        "clat_ns" : {
          "min" : 0,
          "max" : 0,
          "mean" : 0.000000,
          "stddev" : 0.000000,
          "N" : 0
        },
        "lat_ns" : {
          "min" : 0,
          "max" : 0,
          "mean" : 0.000000,
          "stddev" : 0.000000,
          "N" : 0
        },
        "bw_min" : 0,
        "bw_max" : 0,
        "bw_agg" : 0.000000,
        "bw_mean" : 0.000000,
        "bw_dev" : 0.000000,
        "bw_samples" : 0,
        "iops_min" : 0,
        "iops_max" : 0,
        "iops_mean" : 0.000000,
        "iops_stddev" : 0.000000,
        "iops_samples" : 0
      },
      "sync" : {
        "total_ios" : 0,
        "lat_ns" : {
          "min" : 0,
          "max" : 0,
          "mean" : 0.000000,
          "stddev" : 0.000000,
          "N" : 0
        }
      },
      "job_runtime" : 1440000,
      "usr_cpu" : 99.999861,
      "sys_cpu" : 0.000000,
      "ctx" : 967,
      "majf" : 0,
      "minf" : 0,
      "iodepth_level" : {
        "1" : 0.000000,
        "2" : 100.000000,
        "4" : 0.000000,
        "8" : 0.000000,
        "16" : 0.000000,
        "32" : 0.000000,
        ">=64" : 0.000000
      },
      "iodepth_submit" : {
        "0" : 0.000000,
        "4" : 100.000000,
        "8" : 0.000000,
        "16" : 0.000000,
        "32" : 0.000000,
        "64" : 0.000000,
        ">=64" : 0.000000
      },
      "iodepth_complete" : {
        "0" : 0.000000,
        "4" : 100.000000,
        "8" : 0.000000,
        "16" : 0.000000,
        "32" : 0.000000,
        "64" : 0.000000,
        ">=64" : 0.000000
      },
      "latency_ns" : {
        "2" : 0.000000,
        "4" : 0.000000,
        "10" : 0.000000,
        "20" : 0.000000,
        "50" : 0.000000,
        "100" : 0.000000,
        "250" : 0.000000,
        "500" : 0.000000,
        "750" : 0.000000,
        "1000" : 0.000000
      },
      "latency_us" : {
        "2" : 0.000000,
        "4" : 0.000000,
        "10" : 0.000000,
        "20" : 0.000000,
        "50" : 0.000000,
        "100" : 0.000000,
        "250" : 58.225053,
        "500" : 36.333127,
        "750" : 4.797333,
        "1000" : 0.587182
      },
      "latency_ms" : {
        "2" : 0.057376,
        "4" : 0.000000,
        "10" : 0.000000,
        "20" : 0.000000,
        "50" : 0.000000,
        "100" : 0.000000,
        "250" : 0.000000,
        "500" : 0.000000,
        "750" : 0.000000,
        "1000" : 0.000000,
        "2000" : 0.000000,
        ">=2000" : 0.000000
      },
      "latency_depth" : 2,
      "latency_target" : 0,
      "latency_percentile" : 100.000000,
      "latency_window" : 0
    }
  ]
}
